--
-- Strassen-/Produktkonfiguration in Taifun anlegen (Stammdaten)
--

-- ConnectionTypes definieren
insert into CONNECTIONTYPE ( CONNECTION_TYPE_NO, NAME ) values ( 901, 'FTTB' );
insert into CONNECTIONTYPE ( CONNECTION_TYPE_NO, NAME ) values ( 902, 'TAL' );
insert into CONNECTIONTYPE ( CONNECTION_TYPE_NO, NAME ) values ( 903, 'LWL' );
insert into CONNECTIONTYPE ( CONNECTION_TYPE_NO, NAME ) values ( 904, 'TV' );
-- Sequence anpassen
drop sequence S_CONNECTIONTYPE_0;
create sequence S_CONNECTIONTYPE_0 start with 905;
grant select on S_CONNECTIONTYPE_0 to public;
commit;


-- Unavailability Reasons definieren
--insert into UNAVAILABILITY_REASON ( REASON_NO, DESCRIPTION ) values ( 100, 'max. Bandbreite nicht möglich, 3000' );
--insert into UNAVAILABILITY_REASON ( REASON_NO, DESCRIPTION ) values ( 101, 'max. Bandbreite nicht möglich, 6000' );
--insert into UNAVAILABILITY_REASON ( REASON_NO, DESCRIPTION ) values ( 105, 'max. Bandbreite SDSL nicht möglich, 10000' );
insert into UNAVAILABILITY_REASON ( REASON_NO, DESCRIPTION ) values ( 200, 'Leitung zu lang' );
insert into UNAVAILABILITY_REASON ( REASON_NO, DESCRIPTION ) values ( 201, 'Zusatzvereinbarung' );
insert into UNAVAILABILITY_REASON ( REASON_NO, DESCRIPTION ) values ( 202, 'Ausnahme Technik' );
insert into UNAVAILABILITY_REASON ( REASON_NO, DESCRIPTION ) values ( 203, 'Leitungsqualität zu schlecht' );

-- Sequence anpassen
drop sequence S_UNAVAILABILITY_REASON_0;
create sequence S_UNAVAILABILITY_REASON_0 start with 204;
grant select on S_UNAVAILABILITY_REASON_0 to public;
commit;

-- Produkte und Connectiontype:
-- TODO: Feld PROD_ELEMENT__NO wird noch geändert zu NULLABLE, dann hier kein Eintrag

-- Maxi			ok
insert into PRODUCT_2_CONNECTIONTYPE ( PRODUCT_2_CONNECTIONTYPE_NO, PRODUCT__NO, CONNECTION_TYPE_NO, PROD_ELEMENT__NO ) 
	values (100, 2000, 902, 1201 );
-- Premium		ok
insert into PRODUCT_2_CONNECTIONTYPE ( PRODUCT_2_CONNECTIONTYPE_NO, PRODUCT__NO, CONNECTION_TYPE_NO, PROD_ELEMENT__NO ) 
	values (101, 2001, 902, 1201 );
-- Maxi Komplett	ok
insert into PRODUCT_2_CONNECTIONTYPE ( PRODUCT_2_CONNECTIONTYPE_NO, PRODUCT__NO, CONNECTION_TYPE_NO, PROD_ELEMENT__NO ) 
	values (102, 2002, 902, 1201 );
-- AK-ISDN
insert into PRODUCT_2_CONNECTIONTYPE ( PRODUCT_2_CONNECTIONTYPE_NO, PRODUCT__NO, CONNECTION_TYPE_NO, PROD_ELEMENT__NO ) 
	values (103, 2003, 902, 1201 );
-- AKDSLplus
insert into PRODUCT_2_CONNECTIONTYPE ( PRODUCT_2_CONNECTIONTYPE_NO, PRODUCT__NO, CONNECTION_TYPE_NO, PROD_ELEMENT__NO ) 
	values (104, 2004, 902, 1201 );
-- Maxi Pur		ok
insert into PRODUCT_2_CONNECTIONTYPE ( PRODUCT_2_CONNECTIONTYPE_NO, PRODUCT__NO, CONNECTION_TYPE_NO, PROD_ELEMENT__NO ) 
	values (105, 2005, 902, 1201 );
-- M-net SDSL		ok
insert into PRODUCT_2_CONNECTIONTYPE ( PRODUCT_2_CONNECTIONTYPE_NO, PRODUCT__NO, CONNECTION_TYPE_NO, PROD_ELEMENT__NO ) 
	values (106, 2006, 902, 1201 );
-- M-net MetroEthernet	ok
insert into PRODUCT_2_CONNECTIONTYPE ( PRODUCT_2_CONNECTIONTYPE_NO, PRODUCT__NO, CONNECTION_TYPE_NO, PROD_ELEMENT__NO ) 
	values (107, 2007, 902, 1201 );
-- MaxiTV		ok
insert into PRODUCT_2_CONNECTIONTYPE ( PRODUCT_2_CONNECTIONTYPE_NO, PRODUCT__NO, CONNECTION_TYPE_NO, PROD_ELEMENT__NO ) 
	values (108, 2009, 904, 1201 );
-- Maxi Deluxe Fon	ok
insert into PRODUCT_2_CONNECTIONTYPE ( PRODUCT_2_CONNECTIONTYPE_NO, PRODUCT__NO, CONNECTION_TYPE_NO, PROD_ELEMENT__NO ) 
	values (109, 2011, 901, 1201 );
-- Maxi Deluxe Starter ok
insert into PRODUCT_2_CONNECTIONTYPE ( PRODUCT_2_CONNECTIONTYPE_NO, PRODUCT__NO, CONNECTION_TYPE_NO, PROD_ELEMENT__NO ) 
	values (110, 2012, 901, 1201 );
-- Maxi Deluxe Pur
insert into PRODUCT_2_CONNECTIONTYPE ( PRODUCT_2_CONNECTIONTYPE_NO, PRODUCT__NO, CONNECTION_TYPE_NO, PROD_ELEMENT__NO ) 
	values (111, 2013, 901, 1201 );
-- Maxi Deluxe Komplett
insert into PRODUCT_2_CONNECTIONTYPE ( PRODUCT_2_CONNECTIONTYPE_NO, PRODUCT__NO, CONNECTION_TYPE_NO, PROD_ELEMENT__NO ) 
	values (112, 2014, 901, 1201 );
-- Connect		ok
insert into PRODUCT_2_CONNECTIONTYPE ( PRODUCT_2_CONNECTIONTYPE_NO, PRODUCT__NO, CONNECTION_TYPE_NO, PROD_ELEMENT__NO ) 
	values (113, 2157, 902, 1201 );
insert into PRODUCT_2_CONNECTIONTYPE ( PRODUCT_2_CONNECTIONTYPE_NO, PRODUCT__NO, CONNECTION_TYPE_NO, PROD_ELEMENT__NO ) 
	values (114, 2157, 903, 1201 );
-- Connect-LAN		ok
insert into PRODUCT_2_CONNECTIONTYPE ( PRODUCT_2_CONNECTIONTYPE_NO, PRODUCT__NO, CONNECTION_TYPE_NO, PROD_ELEMENT__NO ) 
	values (115, 2158, 902, 1201 );
insert into PRODUCT_2_CONNECTIONTYPE ( PRODUCT_2_CONNECTIONTYPE_NO, PRODUCT__NO, CONNECTION_TYPE_NO, PROD_ELEMENT__NO ) 
	values (116, 2158, 903, 1201 );
-- dark copper		ok
insert into PRODUCT_2_CONNECTIONTYPE ( PRODUCT_2_CONNECTIONTYPE_NO, PRODUCT__NO, CONNECTION_TYPE_NO, PROD_ELEMENT__NO ) 
	values (117, 2159, 902, 1201 );
-- dark fibre		ok
insert into PRODUCT_2_CONNECTIONTYPE ( PRODUCT_2_CONNECTIONTYPE_NO, PRODUCT__NO, CONNECTION_TYPE_NO, PROD_ELEMENT__NO ) 
	values (118, 2160, 903, 1201 );
-- Direct Access	ok
insert into PRODUCT_2_CONNECTIONTYPE ( PRODUCT_2_CONNECTIONTYPE_NO, PRODUCT__NO, CONNECTION_TYPE_NO, PROD_ELEMENT__NO ) 
	values (119, 2161, 902, 1201 );
insert into PRODUCT_2_CONNECTIONTYPE ( PRODUCT_2_CONNECTIONTYPE_NO, PRODUCT__NO, CONNECTION_TYPE_NO, PROD_ELEMENT__NO ) 
	values (120, 2161, 903, 1201 );
-- MetroEthernet	ok
insert into PRODUCT_2_CONNECTIONTYPE ( PRODUCT_2_CONNECTIONTYPE_NO, PRODUCT__NO, CONNECTION_TYPE_NO, PROD_ELEMENT__NO ) 
	values (121, 2162, 902, 1201 );
insert into PRODUCT_2_CONNECTIONTYPE ( PRODUCT_2_CONNECTIONTYPE_NO, PRODUCT__NO, CONNECTION_TYPE_NO, PROD_ELEMENT__NO ) 
	values (122, 2162, 903, 1201 );

commit;

-- Sequence anpassen
drop sequence S_PRODUCT_2_CONNECTIONTYP_0;
create sequence S_PRODUCT_2_CONNECTIONTYP_0 start with 130;
grant select on S_PRODUCT_2_CONNECTIONTYP_0 to public;

commit;
