--
-- SQL-Script fuer die Einrichtung der Deluxe-Produkte.
--   Beginn: 2007-12-17
--

-- Produkt-Gruppe fuer Deluxe-Produkte anlegen
INSERT INTO T_PRODUKTGRUPPE (ID, PRODUKTGRUPPE) VALUES (21, 'Deluxe');

-- GUI-Mappings fuer Produkt-Gruppe definieren
INSERT INTO T_GUI_MAPPING (GUI_ID, REFERENZ_ID, REFERENZ_HERKUNFT) VALUES (202,21,'de.augustakom.hurrican.model.cc.ProduktGruppe');
INSERT INTO T_GUI_MAPPING (GUI_ID, REFERENZ_ID, REFERENZ_HERKUNFT) VALUES (203,21,'de.augustakom.hurrican.model.cc.ProduktGruppe');
INSERT INTO T_GUI_MAPPING (GUI_ID, REFERENZ_ID, REFERENZ_HERKUNFT) VALUES (212,21,'de.augustakom.hurrican.model.cc.ProduktGruppe');
INSERT INTO T_GUI_MAPPING (GUI_ID, REFERENZ_ID, REFERENZ_HERKUNFT) VALUES (206,21,'de.augustakom.hurrican.model.cc.ProduktGruppe');
INSERT INTO T_GUI_MAPPING (GUI_ID, REFERENZ_ID, REFERENZ_HERKUNFT) VALUES (310,21,'de.augustakom.hurrican.model.cc.ProduktGruppe');

-- neue HVT-Technik anlegen 
	--insert into t_hvt_technik (ID,HERSTELLER,NAME,BESCHREIBUNG) values(4,'SWM','Stadtwerke München','Bereitstellung der Infrastruktur durch die SWM');
	--insert into t_hvt_technik (ID,HERSTELLER,NAME,BESCHREIBUNG) values(5,'StawA','Stadtwerke Augsburg','Bereitstellung der Infrastruktur durch die StawA');

-- neuen Physiktyp anlegen 
	--insert into t_physiktyp (ID,NAME,BESCHREIBUNG,HVT_TECHNIK_ID,MAX_BANDWIDTH,HW_SCHNITTSTELLE,PT_GROUP) 
		--values(700,'FttB MUC',null,4,100000,'FttB',4);

	
-- technische Leistungen anlegen 
	-- VoIP fuer Deluxe
	INSERT INTO t_TECH_LEISTUNG(ID, NAME, EXTERN_LEISTUNG__NO, TYP, Long_VALUE,STR_VALUE, PARAMETER,PROD_NAME_STR, DESCRIPTION, DISPO, EWSD, SDH, IPS, SCT, SNAPSHOT_REL, GUELTIG_VON, GUELTIG_BIS)
		VALUES(111, 'VoIP Maxi Deluxe analog', '20011', 'VOIP', 0,'Maxi_Deluxe', 'Wirknetz/MaxiDeluxe/{0}/{1}', 'analog','VoIP Leistung fuer Deluxe analog', 0,1,0,0,0,1, '2008-01-01', '2200-01-01');
	INSERT INTO t_TECH_LEISTUNG(ID, NAME, EXTERN_LEISTUNG__NO, TYP, LONG_VALUE, STR_VALUE, PARAMETER, PROD_NAME_STR, DESCRIPTION, DISPO, EWSD, SDH, IPS, SCT, SNAPSHOT_REL, GUELTIG_VON, GUELTIG_BIS)
		VALUES(112, 'VoIP Maxi Deluxe ISDN', '20012', 'VOIP', 1,'Maxi_Deluxe', 'Wirknetz/MaxiDeluxe/{0}/{1}','ISDN', 'VoIP Leistung fuer Deluxe ISDN', 0,1,0,0,0,1, '2008-01-01', '2200-01-01');
	
	
	-- Bandbreiten 
	INSERT INTO t_TECH_LEISTUNG (ID, NAME,  EXTERN_LEISTUNG__NO, TYP, LONG_VALUE, STR_VALUE,  DESCRIPTION, DISPO, EWSD, SDH, IPS, SCT, CHECK_QUANTITY, SNAPSHOT_REL, GUELTIG_VON, GUELTIG_BIS)
		VALUES(23,'25000 kbit/s','10025','DOWNSTREAM',25000,'25000','Bandbreite fuer Maxi Deluxe Produkte',0,0,1,0,0,0,1,'2008-01-01','2200-01-01')	;
	INSERT INTO t_TECH_LEISTUNG (ID, NAME, EXTERN_LEISTUNG__NO, TYP, LONG_VALUE, STR_VALUE,  DESCRIPTION, DISPO, EWSD, SDH, IPS, SCT, CHECK_QUANTITY, SNAPSHOT_REL, GUELTIG_VON, GUELTIG_BIS)
		VALUES(24,'50000 kbit/s','10026','DOWNSTREAM',50000,'50000','Bandbreite fuer Maxi Deluxe Produkte',0,0,1,0,0,0,1,'2008-01-01','2200-01-01');
	INSERT INTO t_TECH_LEISTUNG (ID, NAME,  EXTERN_LEISTUNG__NO, TYP, LONG_VALUE, STR_VALUE, DESCRIPTION, DISPO, EWSD, SDH, IPS, SCT, CHECK_QUANTITY, SNAPSHOT_REL, GUELTIG_VON, GUELTIG_BIS)
		VALUES(25,'100000 kbit/s','10027','DOWNSTREAM',100000,'100000','Bandbreite fuer Maxi Deluxe Produkte',0,0,1,0,0,0,1,'2008-01-01','2200-01-01');
	INSERT INTO t_TECH_LEISTUNG (ID, NAME,  EXTERN_LEISTUNG__NO, TYP, LONG_VALUE, STR_VALUE, DESCRIPTION, DISPO, EWSD, SDH, IPS, SCT, CHECK_QUANTITY, SNAPSHOT_REL, GUELTIG_VON, GUELTIG_BIS)
		VALUES(26,'2000 kbit/s','10028','UPSTREAM',1000,'1000','Upstream-Bandbreite fuer Maxi Deluxe Produkte',0,0,1,0,0,0,1,'2008-01-01','2200-01-01');
	INSERT INTO t_TECH_LEISTUNG (ID, NAME,  EXTERN_LEISTUNG__NO, TYP, LONG_VALUE, STR_VALUE, DESCRIPTION, DISPO, EWSD, SDH, IPS, SCT, CHECK_QUANTITY, SNAPSHOT_REL, GUELTIG_VON, GUELTIG_BIS)
		VALUES(27,'5000 kbit/s','10029','UPSTREAM',5000,'5000','Upstream-Bandbreite fuer Maxi Deluxe Produkte',0,0,1,0,0,0,1,'2008-01-01','2200-01-01');
	INSERT INTO t_TECH_LEISTUNG (ID, NAME,  EXTERN_LEISTUNG__NO, TYP, LONG_VALUE, STR_VALUE, DESCRIPTION, DISPO, EWSD, SDH, IPS, SCT, CHECK_QUANTITY, SNAPSHOT_REL, GUELTIG_VON, GUELTIG_BIS)
		VALUES(28,'10000 kbit/s','10030','UPSTREAM',10000,'10000','Upstream-Bandbreite fuer Maxi Deluxe Produkte',0,0,1,0,0,0,1,'2008-01-01','2200-01-01');

	-- mapping der technischen Leistungen 
	INSERT INTO t_service_command_mapping (ID,COMMAND_ID,REF_ID,REF_CLASS)
		values(380,1005,111,'de.augustakom.hurrican.model.cc.TechLeistung');
	INSERT INTO t_service_command_mapping (ID,COMMAND_ID,REF_ID,REF_CLASS)
		values(381,1005,112,'de.augustakom.hurrican.model.cc.TechLeistung');
--INSERT INTO t_service_command_mapping (ID,COMMAND_ID,REF_ID,REF_CLASS)
--		values(382,1005,23,'de.augustakom.hurrican.model.cc.TechLeistung');
--INSERT INTO t_service_command_mapping (ID,COMMAND_ID,REF_ID,REF_CLASS)
--		values(383,1005,24,'de.augustakom.hurrican.model.cc.TechLeistung');
--INSERT INTO t_service_command_mapping (ID,COMMAND_ID,REF_ID,REF_CLASS)
--		values(384,1005,25,'de.augustakom.hurrican.model.cc.TechLeistung');
--INSERT INTO t_service_command_mapping (ID,COMMAND_ID,REF_ID,REF_CLASS)
--		values(385,1005,26,'de.augustakom.hurrican.model.cc.TechLeistung');
--INSERT INTO t_service_command_mapping (ID,COMMAND_ID,REF_ID,REF_CLASS)
--		values(386,1005,27,'de.augustakom.hurrican.model.cc.TechLeistung');
--INSERT INTO t_service_command_mapping (ID,COMMAND_ID,REF_ID,REF_CLASS)
--		values(387,1005,28,'de.augustakom.hurrican.model.cc.TechLeistung');

-- Produkte anlegen
-- MAXI DELUXE FON analog
INSERT INTO T_PRODUKT (PROD_ID, PRODUKTGRUPPE_ID, PRODUKT_NR, ANSCHLUSSART, LEITUNGSART,  AKTIONS_ID,
	BRAUCHT_DN, MAX_DN_COUNT, DN_TYP,AUFTRAGSERSTELLUNG, LTGNR_VORS, LTGNR_ANLEGEN, BRAUCHT_BUENDEL, 
	ELVERLAUF, ABRECHNUNG_IN_HURRICAN, ENDSTELLEN_TYP, VPN_PHYSIK, IS_PARENT,
	CHECK_CHILD, VERTEILUNG_DURCH, EXPORT_KDP_M, GUELTIG_VON, GUELTIG_BIS) 
	VALUES (501, 21, '', 'Maxi Deluxe Fon', null,  1, 1,1,60, 0, 'FF', 1, 0, 1, 0, 1,  1, 0, 0, 4,1, '2008-01-01', '2200-01-01');
INSERT INTO T_PRODUKT_2_SCHNITTSTELLE (PROD_ID, SCHNITTSTELLE_ID) VALUES (501, 9);
INSERT INTO T_BA_VERL_AEND_PROD_2_GRUPPE (PROD_ID, BA_VERL_AEND_GRUPPE_ID) VALUES (501, 1),(501,2), (501,4);
INSERT INTO T_SPERRE_VERTEILUNG (PROD_ID, ABTEILUNG_ID) VALUES (501,3);
INSERT INTO T_PROD_2_TECH_LEISTUNG (PROD_ID,TECH_LS_ID,IS_DEFAULT)
	values(501,111,0),(501,112,0);



-- MAXI DELUXE PUR
INSERT INTO T_PRODUKT (PROD_ID, PRODUKTGRUPPE_ID, PRODUKT_NR, ANSCHLUSSART, LEITUNGSART,  AKTIONS_ID,
	BRAUCHT_DN, MAX_DN_COUNT, DN_TYP, AUFTRAGSERSTELLUNG, LTGNR_VORS, LTGNR_ANLEGEN, BRAUCHT_BUENDEL, 
	ELVERLAUF, ABRECHNUNG_IN_HURRICAN, ENDSTELLEN_TYP, ACCOUNT_VORS, LI_NR, VPN_PHYSIK, IS_PARENT,
	CHECK_CHILD, VERTEILUNG_DURCH, EXPORT_KDP_M, GUELTIG_VON, GUELTIG_BIS) 
	VALUES (502, 21, '', 'Maxi Deluxe Pur', null,  1, 1, 10,60, 0, 'FD', 1, 0,  1, 0, 1, 'x9', 1, 1, 0, 0, 4, 1, '2008-01-01', '2200-01-01');
INSERT INTO T_PRODUKT_2_SCHNITTSTELLE (PROD_ID, SCHNITTSTELLE_ID) VALUES (502, 9);
INSERT INTO T_BA_VERL_AEND_PROD_2_GRUPPE (PROD_ID, BA_VERL_AEND_GRUPPE_ID) VALUES (502, 1),(502,2);
INSERT INTO T_SPERRE_VERTEILUNG (PROD_ID, ABTEILUNG_ID) VALUES (502,1), (502,2);
INSERT INTO T_PROD_2_TECH_LEISTUNG (PROD_ID,TECH_LS_ID,IS_DEFAULT)
	values(502,24,0);
INSERT INTO T_PROD_2_TECH_LEISTUNG (PROD_ID,TECH_LS_ID,TECH_LS_DEPENDENCY,IS_DEFAULT)
	values (502,27,24,1);

-- MAXI DELUXE + ANALOG
INSERT INTO T_PRODUKT (PROD_ID, PRODUKTGRUPPE_ID, PRODUKT_NR, ANSCHLUSSART,PROD_NAME_PATTERN, LEITUNGSART,  AKTIONS_ID,
	BRAUCHT_DN, MAX_DN_COUNT, DN_TYP, AUFTRAGSERSTELLUNG, LTGNR_VORS, LTGNR_ANLEGEN, BRAUCHT_BUENDEL, 
	ELVERLAUF, ABRECHNUNG_IN_HURRICAN, ENDSTELLEN_TYP, ACCOUNT_VORS, LI_NR, VPN_PHYSIK, IS_PARENT,
	CHECK_CHILD, VERTEILUNG_DURCH, EXPORT_KDP_M, GUELTIG_VON, GUELTIG_BIS, IS_COMBI_PRODUKT) 
	VALUES (503, 21, '', 'Maxi Deluxe + analog','Maxi Deluxe {DOWNSTREAM} + {VOIP}', null,  1, 1, 1,60, 0, 'FD', 1, 0,  1, 0, 1, 'x9', 1, 1, 0, 0, 4, 1, '2008-01-01', '2200-01-01', 0);
INSERT INTO T_PRODUKT_2_SCHNITTSTELLE (PROD_ID, SCHNITTSTELLE_ID) VALUES (503, 8);
INSERT INTO T_BA_VERL_AEND_PROD_2_GRUPPE (PROD_ID, BA_VERL_AEND_GRUPPE_ID) VALUES (503, 1),(503,2), (503,4);
INSERT INTO T_SPERRE_VERTEILUNG (PROD_ID, ABTEILUNG_ID) VALUES (503,1), (503,2), (503,3);
INSERT INTO T_PROD_2_TECH_LEISTUNG (PROD_ID,TECH_LS_ID,IS_DEFAULT)
	values(503,111, 0),(503,112, 0),(503,23,0), (503,24,0),(503,25,0);
INSERT INTO T_PROD_2_TECH_LEISTUNG (PROD_ID,TECH_LS_ID,TECH_LS_DEPENDENCY,IS_DEFAULT)
 values (503,26,23,1), (503,27,24,1), (503,28,25,1);

-- MAXI DELUXE + ISDN
-- INSERT INTO T_PRODUKT (PROD_ID, PRODUKTGRUPPE_ID, PRODUKT_NR, ANSCHLUSSART,PROD_NAME_PATTERN, LEITUNGSART,  AKTIONS_ID,
--	BRAUCHT_DN, MAX_DN_COUNT, DN_TYP, AUFTRAGSERSTELLUNG, LTGNR_VORS, LTGNR_ANLEGEN, BRAUCHT_BUENDEL, 
--	ELVERLAUF, ABRECHNUNG_IN_HURRICAN, ENDSTELLEN_TYP, ACCOUNT_VORS, LI_NR, VPN_PHYSIK, IS_PARENT,
--	CHECK_CHILD, VERTEILUNG_DURCH, EXPORT_KDP_M, GUELTIG_VON, GUELTIG_BIS, IS_COMBI_PRODUKT) 
--	VALUES (505, 21, '', 'Maxi Deluxe + ISDN','Maxi Deluxe {DOWNSTREAM} ISDN', null,  1, 1, 10,60, 0, 'FD', 1, 0,  1, 0, 1, 'x9', 1, 1, 0, 0, 4, 1, '2008-01-01', '2200-01-01',1);
-- INSERT INTO T_PRODUKT_2_SCHNITTSTELLE (PROD_ID, SCHNITTSTELLE_ID) VALUES (505, 9);
-- INSERT INTO T_BA_VERL_AEND_PROD_2_GRUPPE (PROD_ID, BA_VERL_AEND_GRUPPE_ID) VALUES (505, 1),(505,2), (505,4);
-- INSERT INTO T_SPERRE_VERTEILUNG (PROD_ID, ABTEILUNG_ID) VALUES (505,1), (505,2), (505,3);
-- INSERT INTO T_PROD_2_TECH_LEISTUNG (PROD_ID,TECH_LS_ID,IS_DEFAULT)
-- 	values(505,112, 1),(505,23,0), (505,24,0),(505,25,0);
-- INSERT INTO T_PROD_2_TECH_LEISTUNG (PROD_ID,TECH_LS_ID,TECH_LS_DEPENDENCY,IS_DEFAULT)
-- 	values (505,26,23,1), (505,27,24,1), (505,28,25,1);


-- Produktmapping anlegen
	INSERT INTO t_produkt_mapping (MAPPING_GROUP, EXT_PROD__NO, PROD_ID, MAPPING_PART_TYPE) 
		values(1013,501,501,'phone');
	INSERT INTO t_produkt_mapping (MAPPING_GROUP, EXT_PROD__NO, PROD_ID, MAPPING_PART_TYPE) 
		values(1014,502,502,'dsl');
	INSERT INTO t_produkt_mapping (MAPPING_GROUP, EXT_PROD__NO, PROD_ID, MAPPING_PART_TYPE) 
		values(1015,503,503,'phone');
	

-- mapping produkt_2_Physiktyp
	insert into t_produkt_2_physiktyp(ID,PROD_ID,PHYSIKTYP)
				values(240,501,700);	
	insert into t_produkt_2_physiktyp(ID,PROD_ID,PHYSIKTYP)
				values(241,502,700);
	insert into t_produkt_2_physiktyp(ID,PROD_ID,PHYSIKTYP)
				values(242,503,700);
	
-- HVT-Gruppen anlegen
	insert into t_hvt_gruppe(HVT_GRUPPE_ID,ONKZ,ORTSTEIL,STRASSE,HAUS_NR,PLZ,ORT,SWITCH,NIEDERLASSUNG_ID,KOSTENSTELLE,INNENAUFTRAG,MONTAG,DIENSTAG,MITTWOCH,DONNERSTAG,FREITAG,DSL_ANALOG_TERMIN,DSL_ISDN_TERMIN,DSL2P_ANALOG_TERMIN,DSL2P_ISDN_TERMIN,SDSL_TERMIN,CONNECT_TERMIN)
			values(97,'089','M-Arnul214','Arnulfstr','214','80634','München','ME01.Arnul214-ess1',2,'','',1,1,1,1,0,'2008-01-15','2008-01-15','2008-01-15','2008-01-15','2008-01-15','2008-01-15');
	insert into t_hvt_gruppe(HVT_GRUPPE_ID,ONKZ,ORTSTEIL,STRASSE,HAUS_NR,PLZ,ORT,SWITCH,NIEDERLASSUNG_ID,KOSTENSTELLE,INNENAUFTRAG,MONTAG,DIENSTAG,MITTWOCH,DONNERSTAG,FREITAG,DSL_ANALOG_TERMIN,DSL_ISDN_TERMIN,DSL2P_ANALOG_TERMIN,DSL2P_ISDN_TERMIN,SDSL_TERMIN,CONNECT_TERMIN)
			values(98,'089','M-Arnul216','Arnulfstr','216','80634','München','ME01.Arnul214-ess1',2,'','',1,1,1,1,0,'2008-01-15','2008-01-15','2008-01-15','2008-01-15','2008-01-15','2008-01-15');
	insert into t_hvt_gruppe(HVT_GRUPPE_ID,ONKZ,ORTSTEIL,STRASSE,HAUS_NR,PLZ,ORT,SWITCH,NIEDERLASSUNG_ID,KOSTENSTELLE,INNENAUFTRAG,MONTAG,DIENSTAG,MITTWOCH,DONNERSTAG,FREITAG,DSL_ANALOG_TERMIN,DSL_ISDN_TERMIN,DSL2P_ANALOG_TERMIN,DSL2P_ISDN_TERMIN,SDSL_TERMIN,CONNECT_TERMIN)
			values(99,'089','M-Arnul220','Arnulfstr','220','80634','München','ME01.Arnul214-ess1',2,'','',1,1,1,1,0,'2008-01-15','2008-01-15','2008-01-15','2008-01-15','2008-01-15','2008-01-15');
	insert into t_hvt_gruppe(HVT_GRUPPE_ID,ONKZ,ORTSTEIL,STRASSE,HAUS_NR,PLZ,ORT,SWITCH,NIEDERLASSUNG_ID,KOSTENSTELLE,INNENAUFTRAG,MONTAG,DIENSTAG,MITTWOCH,DONNERSTAG,FREITAG,DSL_ANALOG_TERMIN,DSL_ISDN_TERMIN,DSL2P_ANALOG_TERMIN,DSL2P_ISDN_TERMIN,SDSL_TERMIN,CONNECT_TERMIN)
			values(100,'089','M-Arnul210','Arnulfstr','210','80634','München','ME01.Arnul214-ess1',2,'','',1,1,1,1,0,'2008-01-15','2008-01-15','2008-01-15','2008-01-15','2008-01-15','2008-01-15');
	insert into t_hvt_gruppe(HVT_GRUPPE_ID,ONKZ,ORTSTEIL,STRASSE,HAUS_NR,PLZ,ORT,SWITCH,NIEDERLASSUNG_ID,KOSTENSTELLE,INNENAUFTRAG,MONTAG,DIENSTAG,MITTWOCH,DONNERSTAG,FREITAG,DSL_ANALOG_TERMIN,DSL_ISDN_TERMIN,DSL2P_ANALOG_TERMIN,DSL2P_ISDN_TERMIN,SDSL_TERMIN,CONNECT_TERMIN)
			values(101,'089','M-Arnul204','Arnulfstr','204','80634','München','ME01.Arnul214-ess1',2,'','',1,1,1,1,0,'2008-01-15','2008-01-15','2008-01-15','2008-01-15','2008-01-15','2008-01-15');
	insert into t_hvt_gruppe(HVT_GRUPPE_ID,ONKZ,ORTSTEIL,STRASSE,HAUS_NR,PLZ,ORT,SWITCH,NIEDERLASSUNG_ID,KOSTENSTELLE,INNENAUFTRAG,MONTAG,DIENSTAG,MITTWOCH,DONNERSTAG,FREITAG,DSL_ANALOG_TERMIN,DSL_ISDN_TERMIN,DSL2P_ANALOG_TERMIN,DSL2P_ISDN_TERMIN,SDSL_TERMIN,CONNECT_TERMIN)
			values(102,'089','M-Arnul198','Arnulfstr','198','80634','München','ME01.Arnul214-ess1',2,'','',1,1,1,1,0,'2008-01-15','2008-01-15','2008-01-15','2008-01-15','2008-01-15','2008-01-15');
	insert into t_hvt_gruppe(HVT_GRUPPE_ID,ONKZ,ORTSTEIL,STRASSE,HAUS_NR,PLZ,ORT,SWITCH,NIEDERLASSUNG_ID,KOSTENSTELLE,INNENAUFTRAG,MONTAG,DIENSTAG,MITTWOCH,DONNERSTAG,FREITAG,DSL_ANALOG_TERMIN,DSL_ISDN_TERMIN,DSL2P_ANALOG_TERMIN,DSL2P_ISDN_TERMIN,SDSL_TERMIN,CONNECT_TERMIN)
			values(103,'089','M-Arnul192','Arnulfstr','192','80634','München','ME01.Arnul214-ess1',2,'','',1,1,1,1,0,'2008-01-15','2008-01-15','2008-01-15','2008-01-15','2008-01-15','2008-01-15');
	insert into t_hvt_gruppe(HVT_GRUPPE_ID,ONKZ,ORTSTEIL,STRASSE,HAUS_NR,PLZ,ORT,SWITCH,NIEDERLASSUNG_ID,KOSTENSTELLE,INNENAUFTRAG,MONTAG,DIENSTAG,MITTWOCH,DONNERSTAG,FREITAG,DSL_ANALOG_TERMIN,DSL_ISDN_TERMIN,DSL2P_ANALOG_TERMIN,DSL2P_ISDN_TERMIN,SDSL_TERMIN,CONNECT_TERMIN)
			values(104,'089','M-Arnul186','Arnulfstr','186','80634','München','ME01.Arnul214-ess1',2,'','',1,1,1,1,0,'2008-01-15','2008-01-15','2008-01-15','2008-01-15','2008-01-15','2008-01-15');
	insert into t_hvt_gruppe(HVT_GRUPPE_ID,ONKZ,ORTSTEIL,STRASSE,HAUS_NR,PLZ,ORT,SWITCH,NIEDERLASSUNG_ID,KOSTENSTELLE,INNENAUFTRAG,MONTAG,DIENSTAG,MITTWOCH,DONNERSTAG,FREITAG,DSL_ANALOG_TERMIN,DSL_ISDN_TERMIN,DSL2P_ANALOG_TERMIN,DSL2P_ISDN_TERMIN,SDSL_TERMIN,CONNECT_TERMIN)
			values(105,'089','M-Arnul180','Arnulfstr','180','80634','München','ME01.Arnul214-ess1',2,'','',1,1,1,1,0,'2008-01-15','2008-01-15','2008-01-15','2008-01-15','2008-01-15','2008-01-15');
	insert into t_hvt_gruppe(HVT_GRUPPE_ID,ONKZ,ORTSTEIL,STRASSE,HAUS_NR,PLZ,ORT,SWITCH,NIEDERLASSUNG_ID,KOSTENSTELLE,INNENAUFTRAG,MONTAG,DIENSTAG,MITTWOCH,DONNERSTAG,FREITAG,DSL_ANALOG_TERMIN,DSL_ISDN_TERMIN,DSL2P_ANALOG_TERMIN,DSL2P_ISDN_TERMIN,SDSL_TERMIN,CONNECT_TERMIN)
			values(123,'089','M-Arnul224','Arnulfstr','224','80634','München','ME01.Arnul214-ess1',2,'','',1,1,1,1,0,'2008-01-15','2008-01-15','2008-01-15','2008-01-15','2008-01-15','2008-01-15');
	insert into t_hvt_gruppe(HVT_GRUPPE_ID,ONKZ,ORTSTEIL,STRASSE,HAUS_NR,PLZ,ORT,SWITCH,NIEDERLASSUNG_ID,KOSTENSTELLE,INNENAUFTRAG,MONTAG,DIENSTAG,MITTWOCH,DONNERSTAG,FREITAG,DSL_ANALOG_TERMIN,DSL_ISDN_TERMIN,DSL2P_ANALOG_TERMIN,DSL2P_ISDN_TERMIN,SDSL_TERMIN,CONNECT_TERMIN)
			values(106,'089','M-Steub002','Steubenplatz','2','80639','München','ME01.Arnul214-ess1',2,'','',1,1,1,1,0,'2008-01-15','2008-01-15','2008-01-15','2008-01-15','2008-01-15','2008-01-15');
	insert into t_hvt_gruppe(HVT_GRUPPE_ID,ONKZ,ORTSTEIL,STRASSE,HAUS_NR,PLZ,ORT,SWITCH,NIEDERLASSUNG_ID,KOSTENSTELLE,INNENAUFTRAG,MONTAG,DIENSTAG,MITTWOCH,DONNERSTAG,FREITAG,DSL_ANALOG_TERMIN,DSL_ISDN_TERMIN,DSL2P_ANALOG_TERMIN,DSL2P_ISDN_TERMIN,SDSL_TERMIN,CONNECT_TERMIN)
			values(107,'089','M-Wendl031','Wendl-Dietrich-Str','31','80634','München','ME01.Arnul214-ess1',2,'','',1,1,1,1,0,'2008-01-15','2008-01-15','2008-01-15','2008-01-15','2008-01-15','2008-01-15');
	insert into t_hvt_gruppe(HVT_GRUPPE_ID,ONKZ,ORTSTEIL,STRASSE,HAUS_NR,PLZ,ORT,SWITCH,NIEDERLASSUNG_ID,KOSTENSTELLE,INNENAUFTRAG,MONTAG,DIENSTAG,MITTWOCH,DONNERSTAG,FREITAG,DSL_ANALOG_TERMIN,DSL_ISDN_TERMIN,DSL2P_ANALOG_TERMIN,DSL2P_ISDN_TERMIN,SDSL_TERMIN,CONNECT_TERMIN)
			values(108,'089','M-Wendl027','Wendl-Dietrich-Str','27','80634','München','ME01.Arnul214-ess1',2,'','',1,1,1,1,0,'2008-01-15','2008-01-15','2008-01-15','2008-01-15','2008-01-15','2008-01-15');
	insert into t_hvt_gruppe(HVT_GRUPPE_ID,ONKZ,ORTSTEIL,STRASSE,HAUS_NR,PLZ,ORT,SWITCH,NIEDERLASSUNG_ID,KOSTENSTELLE,INNENAUFTRAG,MONTAG,DIENSTAG,MITTWOCH,DONNERSTAG,FREITAG,DSL_ANALOG_TERMIN,DSL_ISDN_TERMIN,DSL2P_ANALOG_TERMIN,DSL2P_ISDN_TERMIN,SDSL_TERMIN,CONNECT_TERMIN)
			values(109,'089','M-Wendl023','Wendl-Dietrich-Str','23','80634','München','ME01.Arnul214-ess1',2,'','',1,1,1,1,0,'2008-01-15','2008-01-15','2008-01-15','2008-01-15','2008-01-15','2008-01-15');
	insert into t_hvt_gruppe(HVT_GRUPPE_ID,ONKZ,ORTSTEIL,STRASSE,HAUS_NR,PLZ,ORT,SWITCH,NIEDERLASSUNG_ID,KOSTENSTELLE,INNENAUFTRAG,MONTAG,DIENSTAG,MITTWOCH,DONNERSTAG,FREITAG,DSL_ANALOG_TERMIN,DSL_ISDN_TERMIN,DSL2P_ANALOG_TERMIN,DSL2P_ISDN_TERMIN,SDSL_TERMIN,CONNECT_TERMIN)
			values(110,'089','M-Gotel007','Gotlindenstr','7','80634','München','ME01.Arnul214-ess1',2,'','',1,1,1,1,0,'2008-01-15','2008-01-15','2008-01-15','2008-01-15','2008-01-15','2008-01-15');
	insert into t_hvt_gruppe(HVT_GRUPPE_ID,ONKZ,ORTSTEIL,STRASSE,HAUS_NR,PLZ,ORT,SWITCH,NIEDERLASSUNG_ID,KOSTENSTELLE,INNENAUFTRAG,MONTAG,DIENSTAG,MITTWOCH,DONNERSTAG,FREITAG,DSL_ANALOG_TERMIN,DSL_ISDN_TERMIN,DSL2P_ANALOG_TERMIN,DSL2P_ISDN_TERMIN,SDSL_TERMIN,CONNECT_TERMIN)
			values(111,'089','M-Gotel003','Gotelindenstr','3','80634','München','ME01.Arnul214-ess1',2,'','',1,1,1,1,0,'2008-01-15','2008-01-15','2008-01-15','2008-01-15','2008-01-15','2008-01-15');
	insert into t_hvt_gruppe(HVT_GRUPPE_ID,ONKZ,ORTSTEIL,STRASSE,HAUS_NR,PLZ,ORT,SWITCH,NIEDERLASSUNG_ID,KOSTENSTELLE,INNENAUFTRAG,MONTAG,DIENSTAG,MITTWOCH,DONNERSTAG,FREITAG,DSL_ANALOG_TERMIN,DSL_ISDN_TERMIN,DSL2P_ANALOG_TERMIN,DSL2P_ISDN_TERMIN,SDSL_TERMIN,CONNECT_TERMIN)
			values(112,'089','M-Stupf005','Stupfstr','5','80634','München','ME01.Arnul214-ess1',2,'','',1,1,1,1,0,'2008-01-15','2008-01-15','2008-01-15','2008-01-15','2008-01-15','2008-01-15');
	insert into t_hvt_gruppe(HVT_GRUPPE_ID,ONKZ,ORTSTEIL,STRASSE,HAUS_NR,PLZ,ORT,SWITCH,NIEDERLASSUNG_ID,KOSTENSTELLE,INNENAUFTRAG,MONTAG,DIENSTAG,MITTWOCH,DONNERSTAG,FREITAG,DSL_ANALOG_TERMIN,DSL_ISDN_TERMIN,DSL2P_ANALOG_TERMIN,DSL2P_ISDN_TERMIN,SDSL_TERMIN,CONNECT_TERMIN)
			values(121,'089','M-Stupf011','Stupfstr','11','80634','München','ME01.Arnul214-ess1',2,'','',1,1,1,1,0,'2008-01-15','2008-01-15','2008-01-15','2008-01-15','2008-01-15','2008-01-15');
	insert into t_hvt_gruppe(HVT_GRUPPE_ID,ONKZ,ORTSTEIL,STRASSE,HAUS_NR,PLZ,ORT,SWITCH,NIEDERLASSUNG_ID,KOSTENSTELLE,INNENAUFTRAG,MONTAG,DIENSTAG,MITTWOCH,DONNERSTAG,FREITAG,DSL_ANALOG_TERMIN,DSL_ISDN_TERMIN,DSL2P_ANALOG_TERMIN,DSL2P_ISDN_TERMIN,SDSL_TERMIN,CONNECT_TERMIN)
			values(122,'089','M-Stupf017','Stupfstr','17','80634','München','ME01.Arnul214-ess1',2,'','',1,1,1,1,0,'2008-01-15','2008-01-15','2008-01-15','2008-01-15','2008-01-15','2008-01-15');
	insert into t_hvt_gruppe(HVT_GRUPPE_ID,ONKZ,ORTSTEIL,STRASSE,HAUS_NR,PLZ,ORT,SWITCH,NIEDERLASSUNG_ID,KOSTENSTELLE,INNENAUFTRAG,MONTAG,DIENSTAG,MITTWOCH,DONNERSTAG,FREITAG,DSL_ANALOG_TERMIN,DSL_ISDN_TERMIN,DSL2P_ANALOG_TERMIN,DSL2P_ISDN_TERMIN,SDSL_TERMIN,CONNECT_TERMIN)
			values(113,'089','M-Zukue003','Zum Künstlerhof','3','80634','München','ME01.Arnul214-ess1',2,'','',1,1,1,1,0,'2008-01-15','2008-01-15','2008-01-15','2008-01-15','2008-01-15','2008-01-15');
	insert into t_hvt_gruppe(HVT_GRUPPE_ID,ONKZ,ORTSTEIL,STRASSE,HAUS_NR,PLZ,ORT,SWITCH,NIEDERLASSUNG_ID,KOSTENSTELLE,INNENAUFTRAG,MONTAG,DIENSTAG,MITTWOCH,DONNERSTAG,FREITAG,DSL_ANALOG_TERMIN,DSL_ISDN_TERMIN,DSL2P_ANALOG_TERMIN,DSL2P_ISDN_TERMIN,SDSL_TERMIN,CONNECT_TERMIN)
			values(114,'089','M-Zukue007','Zum Künstlerhof','7','80634','München','ME01.Arnul214-ess1',2,'','',1,1,1,1,0,'2008-01-15','2008-01-15','2008-01-15','2008-01-15','2008-01-15','2008-01-15');
	insert into t_hvt_gruppe(HVT_GRUPPE_ID,ONKZ,ORTSTEIL,STRASSE,HAUS_NR,PLZ,ORT,SWITCH,NIEDERLASSUNG_ID,KOSTENSTELLE,INNENAUFTRAG,MONTAG,DIENSTAG,MITTWOCH,DONNERSTAG,FREITAG,DSL_ANALOG_TERMIN,DSL_ISDN_TERMIN,DSL2P_ANALOG_TERMIN,DSL2P_ISDN_TERMIN,SDSL_TERMIN,CONNECT_TERMIN)
			values(115,'089','M-Zukue011','Zum Künstlerhof','11','80634','München','ME01.Arnul214-ess1',2,'','',1,1,1,1,0,'2008-01-15','2008-01-15','2008-01-15','2008-01-15','2008-01-15','2008-01-15');
	insert into t_hvt_gruppe(HVT_GRUPPE_ID,ONKZ,ORTSTEIL,STRASSE,HAUS_NR,PLZ,ORT,SWITCH,NIEDERLASSUNG_ID,KOSTENSTELLE,INNENAUFTRAG,MONTAG,DIENSTAG,MITTWOCH,DONNERSTAG,FREITAG,DSL_ANALOG_TERMIN,DSL_ISDN_TERMIN,DSL2P_ANALOG_TERMIN,DSL2P_ISDN_TERMIN,SDSL_TERMIN,CONNECT_TERMIN)
			values(116,'089','M-Zukue002','Zum Künstlerhof','2','80634','München','ME01.Arnul214-ess1',2,'','',1,1,1,1,0,'2008-01-15','2008-01-15','2008-01-15','2008-01-15','2008-01-15','2008-01-15');
	insert into t_hvt_gruppe(HVT_GRUPPE_ID,ONKZ,ORTSTEIL,STRASSE,HAUS_NR,PLZ,ORT,SWITCH,NIEDERLASSUNG_ID,KOSTENSTELLE,INNENAUFTRAG,MONTAG,DIENSTAG,MITTWOCH,DONNERSTAG,FREITAG,DSL_ANALOG_TERMIN,DSL_ISDN_TERMIN,DSL2P_ANALOG_TERMIN,DSL2P_ISDN_TERMIN,SDSL_TERMIN,CONNECT_TERMIN)
			values(117,'089','M-Zukue006','Zum Künstlerhof','6','80634','München','ME01.Arnul214-ess1',2,'','',1,1,1,1,0,'2008-01-15','2008-01-15','2008-01-15','2008-01-15','2008-01-15','2008-01-15');
	insert into t_hvt_gruppe(HVT_GRUPPE_ID,ONKZ,ORTSTEIL,STRASSE,HAUS_NR,PLZ,ORT,SWITCH,NIEDERLASSUNG_ID,KOSTENSTELLE,INNENAUFTRAG,MONTAG,DIENSTAG,MITTWOCH,DONNERSTAG,FREITAG,DSL_ANALOG_TERMIN,DSL_ISDN_TERMIN,DSL2P_ANALOG_TERMIN,DSL2P_ISDN_TERMIN,SDSL_TERMIN,CONNECT_TERMIN)
			values(118,'089','M-Zukue010','Zum Künstlerhof','10','80634','München','ME01.Arnul214-ess1',2,'','',1,1,1,1,0,'2008-01-15','2008-01-15','2008-01-15','2008-01-15','2008-01-15','2008-01-15');
	insert into t_hvt_gruppe(HVT_GRUPPE_ID,ONKZ,ORTSTEIL,STRASSE,HAUS_NR,PLZ,ORT,SWITCH,NIEDERLASSUNG_ID,KOSTENSTELLE,INNENAUFTRAG,MONTAG,DIENSTAG,MITTWOCH,DONNERSTAG,FREITAG,DSL_ANALOG_TERMIN,DSL_ISDN_TERMIN,DSL2P_ANALOG_TERMIN,DSL2P_ISDN_TERMIN,SDSL_TERMIN,CONNECT_TERMIN)
			values(119,'089','M-Zukue014','Zum Künstlerhof','14','80634','München','ME01.Arnul214-ess1',2,'','',1,1,1,1,0,'2008-01-15','2008-01-15','2008-01-15','2008-01-15','2008-01-15','2008-01-15');
	insert into t_hvt_gruppe(HVT_GRUPPE_ID,ONKZ,ORTSTEIL,STRASSE,HAUS_NR,PLZ,ORT,SWITCH,NIEDERLASSUNG_ID,KOSTENSTELLE,INNENAUFTRAG,MONTAG,DIENSTAG,MITTWOCH,DONNERSTAG,FREITAG,DSL_ANALOG_TERMIN,DSL_ISDN_TERMIN,DSL2P_ANALOG_TERMIN,DSL2P_ISDN_TERMIN,SDSL_TERMIN,CONNECT_TERMIN)
			values(120,'089','M-Zukue018','Zum Künstlerhof','18','80634','München','ME01.Arnul214-ess1',2,'','',1,1,1,1,0,'2008-01-15','2008-01-15','2008-01-15','2008-01-15','2008-01-15','2008-01-15');


-- HVT Standort anlegen
	insert into t_hvt_standort(HVT_ID_STANDORT,HVT_GRUPPE_ID,ASB,HOCHGERECHNETER_TERMIN,GESICHERTE_REALISIERUNG,ZBDTAG,EWSD_OR1,EWSD_OR2,BESCHREIBUNG,GUELTIG_VON,GUELTIG_BIS,VIRTUELL,CARRIER_ID,CARRIER_KENNUNG_ID)
				values(97,97,88888,'in Betrieb','in Betrieb',0,0,0,'FttB MUC','2008-01-01','2200-01-01',0,17,2);
	insert into t_hvt_standort(HVT_ID_STANDORT,HVT_GRUPPE_ID,ASB,HOCHGERECHNETER_TERMIN,GESICHERTE_REALISIERUNG,ZBDTAG,EWSD_OR1,EWSD_OR2,BESCHREIBUNG,GUELTIG_VON,GUELTIG_BIS,VIRTUELL,CARRIER_ID,CARRIER_KENNUNG_ID)
				values(98,98,88888,'in Betrieb','in Betrieb',0,0,0,'FttB MUC','2008-01-01','2200-01-01',0,17,2);
	insert into t_hvt_standort(HVT_ID_STANDORT,HVT_GRUPPE_ID,ASB,HOCHGERECHNETER_TERMIN,GESICHERTE_REALISIERUNG,ZBDTAG,EWSD_OR1,EWSD_OR2,BESCHREIBUNG,GUELTIG_VON,GUELTIG_BIS,VIRTUELL,CARRIER_ID,CARRIER_KENNUNG_ID)
				values(99,99,88888,'in Betrieb','in Betrieb',0,0,0,'FttB MUC','2008-01-01','2200-01-01',0,17,2);
	insert into t_hvt_standort(HVT_ID_STANDORT,HVT_GRUPPE_ID,ASB,HOCHGERECHNETER_TERMIN,GESICHERTE_REALISIERUNG,ZBDTAG,EWSD_OR1,EWSD_OR2,BESCHREIBUNG,GUELTIG_VON,GUELTIG_BIS,VIRTUELL,CARRIER_ID,CARRIER_KENNUNG_ID)
				values(100,100,88888,'in Betrieb','in Betrieb',0,0,0,'FttB MUC','2008-01-01','2200-01-01',0,17,2);
	insert into t_hvt_standort(HVT_ID_STANDORT,HVT_GRUPPE_ID,ASB,HOCHGERECHNETER_TERMIN,GESICHERTE_REALISIERUNG,ZBDTAG,EWSD_OR1,EWSD_OR2,BESCHREIBUNG,GUELTIG_VON,GUELTIG_BIS,VIRTUELL,CARRIER_ID,CARRIER_KENNUNG_ID)
				values(101,101,88888,'in Betrieb','in Betrieb',0,0,0,'FttB MUC','2008-01-01','2200-01-01',0,17,2);
	insert into t_hvt_standort(HVT_ID_STANDORT,HVT_GRUPPE_ID,ASB,HOCHGERECHNETER_TERMIN,GESICHERTE_REALISIERUNG,ZBDTAG,EWSD_OR1,EWSD_OR2,BESCHREIBUNG,GUELTIG_VON,GUELTIG_BIS,VIRTUELL,CARRIER_ID,CARRIER_KENNUNG_ID)
				values(102,102,88888,'in Betrieb','in Betrieb',0,0,0,'FttB MUC','2008-01-01','2200-01-01',0,17,2);
	insert into t_hvt_standort(HVT_ID_STANDORT,HVT_GRUPPE_ID,ASB,HOCHGERECHNETER_TERMIN,GESICHERTE_REALISIERUNG,ZBDTAG,EWSD_OR1,EWSD_OR2,BESCHREIBUNG,GUELTIG_VON,GUELTIG_BIS,VIRTUELL,CARRIER_ID,CARRIER_KENNUNG_ID)
				values(103,103,88888,'in Betrieb','in Betrieb',0,0,0,'FttB MUC','2008-01-01','2200-01-01',0,17,2);
	insert into t_hvt_standort(HVT_ID_STANDORT,HVT_GRUPPE_ID,ASB,HOCHGERECHNETER_TERMIN,GESICHERTE_REALISIERUNG,ZBDTAG,EWSD_OR1,EWSD_OR2,BESCHREIBUNG,GUELTIG_VON,GUELTIG_BIS,VIRTUELL,CARRIER_ID,CARRIER_KENNUNG_ID)
				values(104,104,88888,'in Betrieb','in Betrieb',0,0,0,'FttB MUC','2008-01-01','2200-01-01',0,17,2);
	insert into t_hvt_standort(HVT_ID_STANDORT,HVT_GRUPPE_ID,ASB,HOCHGERECHNETER_TERMIN,GESICHERTE_REALISIERUNG,ZBDTAG,EWSD_OR1,EWSD_OR2,BESCHREIBUNG,GUELTIG_VON,GUELTIG_BIS,VIRTUELL,CARRIER_ID,CARRIER_KENNUNG_ID)
				values(105,105,88888,'in Betrieb','in Betrieb',0,0,0,'FttB MUC','2008-01-01','2200-01-01',0,17,2);
	insert into t_hvt_standort(HVT_ID_STANDORT,HVT_GRUPPE_ID,ASB,HOCHGERECHNETER_TERMIN,GESICHERTE_REALISIERUNG,ZBDTAG,EWSD_OR1,EWSD_OR2,BESCHREIBUNG,GUELTIG_VON,GUELTIG_BIS,VIRTUELL,CARRIER_ID,CARRIER_KENNUNG_ID)
				values(106,106,88888,'in Betrieb','in Betrieb',0,0,0,'FttB MUC','2008-01-01','2200-01-01',0,17,2);
	insert into t_hvt_standort(HVT_ID_STANDORT,HVT_GRUPPE_ID,ASB,HOCHGERECHNETER_TERMIN,GESICHERTE_REALISIERUNG,ZBDTAG,EWSD_OR1,EWSD_OR2,BESCHREIBUNG,GUELTIG_VON,GUELTIG_BIS,VIRTUELL,CARRIER_ID,CARRIER_KENNUNG_ID)
				values(107,107,88888,'in Betrieb','in Betrieb',0,0,0,'FttB MUC','2008-01-01','2200-01-01',0,17,2);
	insert into t_hvt_standort(HVT_ID_STANDORT,HVT_GRUPPE_ID,ASB,HOCHGERECHNETER_TERMIN,GESICHERTE_REALISIERUNG,ZBDTAG,EWSD_OR1,EWSD_OR2,BESCHREIBUNG,GUELTIG_VON,GUELTIG_BIS,VIRTUELL,CARRIER_ID,CARRIER_KENNUNG_ID)
				values(108,108,88888,'in Betrieb','in Betrieb',0,0,0,'FttB MUC','2008-01-01','2200-01-01',0,17,2);
	insert into t_hvt_standort(HVT_ID_STANDORT,HVT_GRUPPE_ID,ASB,HOCHGERECHNETER_TERMIN,GESICHERTE_REALISIERUNG,ZBDTAG,EWSD_OR1,EWSD_OR2,BESCHREIBUNG,GUELTIG_VON,GUELTIG_BIS,VIRTUELL,CARRIER_ID,CARRIER_KENNUNG_ID)
				values(109,109,88888,'in Betrieb','in Betrieb',0,0,0,'FttB MUC','2008-01-01','2200-01-01',0,17,2);
	insert into t_hvt_standort(HVT_ID_STANDORT,HVT_GRUPPE_ID,ASB,HOCHGERECHNETER_TERMIN,GESICHERTE_REALISIERUNG,ZBDTAG,EWSD_OR1,EWSD_OR2,BESCHREIBUNG,GUELTIG_VON,GUELTIG_BIS,VIRTUELL,CARRIER_ID,CARRIER_KENNUNG_ID)
				values(110,110,88888,'in Betrieb','in Betrieb',0,0,0,'FttB MUC','2008-01-01','2200-01-01',0,17,2);
	insert into t_hvt_standort(HVT_ID_STANDORT,HVT_GRUPPE_ID,ASB,HOCHGERECHNETER_TERMIN,GESICHERTE_REALISIERUNG,ZBDTAG,EWSD_OR1,EWSD_OR2,BESCHREIBUNG,GUELTIG_VON,GUELTIG_BIS,VIRTUELL,CARRIER_ID,CARRIER_KENNUNG_ID)
				values(111,111,88888,'in Betrieb','in Betrieb',0,0,0,'FttB MUC','2008-01-01','2200-01-01',0,17,2);
	insert into t_hvt_standort(HVT_ID_STANDORT,HVT_GRUPPE_ID,ASB,HOCHGERECHNETER_TERMIN,GESICHERTE_REALISIERUNG,ZBDTAG,EWSD_OR1,EWSD_OR2,BESCHREIBUNG,GUELTIG_VON,GUELTIG_BIS,VIRTUELL,CARRIER_ID,CARRIER_KENNUNG_ID)
				values(112,112,88888,'in Betrieb','in Betrieb',0,0,0,'FttB MUC','2008-01-01','2200-01-01',0,17,2);
	insert into t_hvt_standort(HVT_ID_STANDORT,HVT_GRUPPE_ID,ASB,HOCHGERECHNETER_TERMIN,GESICHERTE_REALISIERUNG,ZBDTAG,EWSD_OR1,EWSD_OR2,BESCHREIBUNG,GUELTIG_VON,GUELTIG_BIS,VIRTUELL,CARRIER_ID,CARRIER_KENNUNG_ID)
				values(113,113,88888,'in Betrieb','in Betrieb',0,0,0,'FttB MUC','2008-01-01','2200-01-01',0,17,2);
	insert into t_hvt_standort(HVT_ID_STANDORT,HVT_GRUPPE_ID,ASB,HOCHGERECHNETER_TERMIN,GESICHERTE_REALISIERUNG,ZBDTAG,EWSD_OR1,EWSD_OR2,BESCHREIBUNG,GUELTIG_VON,GUELTIG_BIS,VIRTUELL,CARRIER_ID,CARRIER_KENNUNG_ID)
				values(114,114,88888,'in Betrieb','in Betrieb',0,0,0,'FttB MUC','2008-01-01','2200-01-01',0,17,2);
	insert into t_hvt_standort(HVT_ID_STANDORT,HVT_GRUPPE_ID,ASB,HOCHGERECHNETER_TERMIN,GESICHERTE_REALISIERUNG,ZBDTAG,EWSD_OR1,EWSD_OR2,BESCHREIBUNG,GUELTIG_VON,GUELTIG_BIS,VIRTUELL,CARRIER_ID,CARRIER_KENNUNG_ID)
				values(115,115,88888,'in Betrieb','in Betrieb',0,0,0,'FttB MUC','2008-01-01','2200-01-01',0,17,2);
	insert into t_hvt_standort(HVT_ID_STANDORT,HVT_GRUPPE_ID,ASB,HOCHGERECHNETER_TERMIN,GESICHERTE_REALISIERUNG,ZBDTAG,EWSD_OR1,EWSD_OR2,BESCHREIBUNG,GUELTIG_VON,GUELTIG_BIS,VIRTUELL,CARRIER_ID,CARRIER_KENNUNG_ID)
				values(116,116,88888,'in Betrieb','in Betrieb',0,0,0,'FttB MUC','2008-01-01','2200-01-01',0,17,2);
	insert into t_hvt_standort(HVT_ID_STANDORT,HVT_GRUPPE_ID,ASB,HOCHGERECHNETER_TERMIN,GESICHERTE_REALISIERUNG,ZBDTAG,EWSD_OR1,EWSD_OR2,BESCHREIBUNG,GUELTIG_VON,GUELTIG_BIS,VIRTUELL,CARRIER_ID,CARRIER_KENNUNG_ID)
				values(117,117,88888,'in Betrieb','in Betrieb',0,0,0,'FttB MUC','2008-01-01','2200-01-01',0,17,2);
	insert into t_hvt_standort(HVT_ID_STANDORT,HVT_GRUPPE_ID,ASB,HOCHGERECHNETER_TERMIN,GESICHERTE_REALISIERUNG,ZBDTAG,EWSD_OR1,EWSD_OR2,BESCHREIBUNG,GUELTIG_VON,GUELTIG_BIS,VIRTUELL,CARRIER_ID,CARRIER_KENNUNG_ID)
				values(118,118,88888,'in Betrieb','in Betrieb',0,0,0,'FttB MUC','2008-01-01','2200-01-01',0,17,2);
	insert into t_hvt_standort(HVT_ID_STANDORT,HVT_GRUPPE_ID,ASB,HOCHGERECHNETER_TERMIN,GESICHERTE_REALISIERUNG,ZBDTAG,EWSD_OR1,EWSD_OR2,BESCHREIBUNG,GUELTIG_VON,GUELTIG_BIS,VIRTUELL,CARRIER_ID,CARRIER_KENNUNG_ID)
				values(119,119,88888,'in Betrieb','in Betrieb',0,0,0,'FttB MUC','2008-01-01','2200-01-01',0,17,2);
	insert into t_hvt_standort(HVT_ID_STANDORT,HVT_GRUPPE_ID,ASB,HOCHGERECHNETER_TERMIN,GESICHERTE_REALISIERUNG,ZBDTAG,EWSD_OR1,EWSD_OR2,BESCHREIBUNG,GUELTIG_VON,GUELTIG_BIS,VIRTUELL,CARRIER_ID,CARRIER_KENNUNG_ID)
				values(120,120,88888,'in Betrieb','in Betrieb',0,0,0,'FttB MUC','2008-01-01','2200-01-01',0,17,2);
	insert into t_hvt_standort(HVT_ID_STANDORT,HVT_GRUPPE_ID,ASB,HOCHGERECHNETER_TERMIN,GESICHERTE_REALISIERUNG,ZBDTAG,EWSD_OR1,EWSD_OR2,BESCHREIBUNG,GUELTIG_VON,GUELTIG_BIS,VIRTUELL,CARRIER_ID,CARRIER_KENNUNG_ID)
				values(121,121,88888,'in Betrieb','in Betrieb',0,0,0,'FttB MUC','2008-01-01','2200-01-01',0,17,2);
	insert into t_hvt_standort(HVT_ID_STANDORT,HVT_GRUPPE_ID,ASB,HOCHGERECHNETER_TERMIN,GESICHERTE_REALISIERUNG,ZBDTAG,EWSD_OR1,EWSD_OR2,BESCHREIBUNG,GUELTIG_VON,GUELTIG_BIS,VIRTUELL,CARRIER_ID,CARRIER_KENNUNG_ID)
				values(122,122,88888,'in Betrieb','in Betrieb',0,0,0,'FttB MUC','2008-01-01','2200-01-01',0,17,2);
	insert into t_hvt_standort(HVT_ID_STANDORT,HVT_GRUPPE_ID,ASB,HOCHGERECHNETER_TERMIN,GESICHERTE_REALISIERUNG,ZBDTAG,EWSD_OR1,EWSD_OR2,BESCHREIBUNG,GUELTIG_VON,GUELTIG_BIS,VIRTUELL,CARRIER_ID,CARRIER_KENNUNG_ID)
				values(123,123,88888,'in Betrieb','in Betrieb',0,0,0,'FttB MUC','2008-01-01','2200-01-01',0,17,2);
-- Strassen anlegen
	insert into t_strassenliste(HVT_GRUPPE_ID,ONKZ,ORT,STRASSE,ABSCHNITT,BEMERKUNG,PLZ,ENTFERNUNG_DEC)
		values(97, 89,'München', 'Arnulfstr','214','Fttb MUC', '80634', '0,1' );
	insert into t_strassenliste(HVT_GRUPPE_ID,ONKZ,ORT,STRASSE,ABSCHNITT,BEMERKUNG,PLZ,ENTFERNUNG_DEC)
		values(97, 89,'München', 'Gotelindenstr','1','Fttb MUC', '80634', '0,1' );
	insert into t_strassenliste(HVT_GRUPPE_ID,ONKZ,ORT,STRASSE,ABSCHNITT,BEMERKUNG,PLZ,ENTFERNUNG_DEC)
		values(98, 89,'München', 'Arnulfstr','216','Fttb MUC', '80634', '0,1' );
	insert into t_strassenliste(HVT_GRUPPE_ID,ONKZ,ORT,STRASSE,ABSCHNITT,BEMERKUNG,PLZ,ENTFERNUNG_DEC)
		values(98, 89,'München', 'Arnulfstr','218','Fttb MUC', '80634', '0,1' );
	insert into t_strassenliste(HVT_GRUPPE_ID,ONKZ,ORT,STRASSE,ABSCHNITT,BEMERKUNG,PLZ,ENTFERNUNG_DEC)
		values(99, 89,'München', 'Arnulfstr','220','Fttb MUC', '80634', '0,1' );
	insert into t_strassenliste(HVT_GRUPPE_ID,ONKZ,ORT,STRASSE,ABSCHNITT,BEMERKUNG,PLZ,ENTFERNUNG_DEC)
		values(99, 89,'München', 'Arnulfstr','222','Fttb MUC', '80634', '0,1' );
	insert into t_strassenliste(HVT_GRUPPE_ID,ONKZ,ORT,STRASSE,ABSCHNITT,BEMERKUNG,PLZ,ENTFERNUNG_DEC)
		values(123, 89,'München', 'Arnulfstr','224','Fttb MUC', '80634', '0,1' );
	insert into t_strassenliste(HVT_GRUPPE_ID,ONKZ,ORT,STRASSE,ABSCHNITT,BEMERKUNG,PLZ,ENTFERNUNG_DEC)
		values(123, 89,'München', 'Steubenplatz','1','Fttb MUC', '80639', '0,1' );
	insert into t_strassenliste(HVT_GRUPPE_ID,ONKZ,ORT,STRASSE,ABSCHNITT,BEMERKUNG,PLZ,ENTFERNUNG_DEC)
		values(106, 89,'München', 'Steubenplatz','2','Fttb MUC', '80639', '0,1' );
	insert into t_strassenliste(HVT_GRUPPE_ID,ONKZ,ORT,STRASSE,ABSCHNITT,BEMERKUNG,PLZ,ENTFERNUNG_DEC)
		values(106, 89,'München', 'Wendl-Dietrich-Str','33','Fttb MUC', '80634', '0,1' );
	insert into t_strassenliste(HVT_GRUPPE_ID,ONKZ,ORT,STRASSE,ABSCHNITT,BEMERKUNG,PLZ,ENTFERNUNG_DEC)
		values(107, 89,'München', 'Wendl-Dietrich-Str','31','Fttb MUC', '80634', '0,1' );
	insert into t_strassenliste(HVT_GRUPPE_ID,ONKZ,ORT,STRASSE,ABSCHNITT,BEMERKUNG,PLZ,ENTFERNUNG_DEC)
		values(107, 89,'München', 'Wendl-Dietrich-Str','29','Fttb MUC', '80634', '0,1' );
	insert into t_strassenliste(HVT_GRUPPE_ID,ONKZ,ORT,STRASSE,ABSCHNITT,BEMERKUNG,PLZ,ENTFERNUNG_DEC)
		values(108, 89,'München', 'Wendl-Dietrich-Str','27','Fttb MUC', '80634', '0,1' );
	insert into t_strassenliste(HVT_GRUPPE_ID,ONKZ,ORT,STRASSE,ABSCHNITT,BEMERKUNG,PLZ,ENTFERNUNG_DEC)
		values(108, 89,'München', 'Wendl-Dietrich-Str','25','Fttb MUC', '80634', '0,1' );
	insert into t_strassenliste(HVT_GRUPPE_ID,ONKZ,ORT,STRASSE,ABSCHNITT,BEMERKUNG,PLZ,ENTFERNUNG_DEC)
		values(109, 89,'München', 'Wendl-Dietrich-Str','23','Fttb MUC', '80634', '0,1' );
	insert into t_strassenliste(HVT_GRUPPE_ID,ONKZ,ORT,STRASSE,ABSCHNITT,BEMERKUNG,PLZ,ENTFERNUNG_DEC)
		values(110, 89,'München', 'Gotelindenstr','9','Fttb MUC', '80634', '0,1' );
	insert into t_strassenliste(HVT_GRUPPE_ID,ONKZ,ORT,STRASSE,ABSCHNITT,BEMERKUNG,PLZ,ENTFERNUNG_DEC)
		values(110, 89,'München', 'Gotelindenstr','7','Fttb MUC', '80634', '0,1' );
	insert into t_strassenliste(HVT_GRUPPE_ID,ONKZ,ORT,STRASSE,ABSCHNITT,BEMERKUNG,PLZ,ENTFERNUNG_DEC)
		values(111, 89,'München', 'Gotelindenstr','5','Fttb MUC', '80634', '0,1' );
	insert into t_strassenliste(HVT_GRUPPE_ID,ONKZ,ORT,STRASSE,ABSCHNITT,BEMERKUNG,PLZ,ENTFERNUNG_DEC)
		values(111, 89,'München', 'Gotelindenstr','3','Fttb MUC', '80634', '0,1' );
	insert into t_strassenliste(HVT_GRUPPE_ID,ONKZ,ORT,STRASSE,ABSCHNITT,BEMERKUNG,PLZ,ENTFERNUNG_DEC)
		values(100, 89,'München', 'Arnulfstr','212','Fttb MUC', '80634', '0,1' );
	insert into t_strassenliste(HVT_GRUPPE_ID,ONKZ,ORT,STRASSE,ABSCHNITT,BEMERKUNG,PLZ,ENTFERNUNG_DEC)
		values(100, 89,'München', 'Arnulfstr','210','Fttb MUC', '80634', '0,1' );
	insert into t_strassenliste(HVT_GRUPPE_ID,ONKZ,ORT,STRASSE,ABSCHNITT,BEMERKUNG,PLZ,ENTFERNUNG_DEC)
		values(100, 89,'München', 'Arnulfstr','208','Fttb MUC', '80634', '0,1' );
	insert into t_strassenliste(HVT_GRUPPE_ID,ONKZ,ORT,STRASSE,ABSCHNITT,BEMERKUNG,PLZ,ENTFERNUNG_DEC)
		values(101, 89,'München', 'Arnulfstr','206','Fttb MUC', '80634', '0,1' );
	insert into t_strassenliste(HVT_GRUPPE_ID,ONKZ,ORT,STRASSE,ABSCHNITT,BEMERKUNG,PLZ,ENTFERNUNG_DEC)
		values(101, 89,'München', 'Arnulfstr','204','Fttb MUC', '80634', '0,1' );
	insert into t_strassenliste(HVT_GRUPPE_ID,ONKZ,ORT,STRASSE,ABSCHNITT,BEMERKUNG,PLZ,ENTFERNUNG_DEC)
		values(101, 89,'München', 'Arnulfstr','202','Fttb MUC', '80634', '0,1' );
	insert into t_strassenliste(HVT_GRUPPE_ID,ONKZ,ORT,STRASSE,ABSCHNITT,BEMERKUNG,PLZ,ENTFERNUNG_DEC)
		values(102, 89,'München', 'Arnulfstr','200','Fttb MUC', '80634', '0,1' );
	insert into t_strassenliste(HVT_GRUPPE_ID,ONKZ,ORT,STRASSE,ABSCHNITT,BEMERKUNG,PLZ,ENTFERNUNG_DEC)
		values(102, 89,'München', 'Arnulfstr','198','Fttb MUC', '80634', '0,1' );
	insert into t_strassenliste(HVT_GRUPPE_ID,ONKZ,ORT,STRASSE,ABSCHNITT,BEMERKUNG,PLZ,ENTFERNUNG_DEC)
		values(102, 89,'München', 'Arnulfstr','196','Fttb MUC', '80634', '0,1' );
	insert into t_strassenliste(HVT_GRUPPE_ID,ONKZ,ORT,STRASSE,ABSCHNITT,BEMERKUNG,PLZ,ENTFERNUNG_DEC)
		values(103, 89,'München', 'Arnulfstr','194','Fttb MUC', '80634', '0,1' );
	insert into t_strassenliste(HVT_GRUPPE_ID,ONKZ,ORT,STRASSE,ABSCHNITT,BEMERKUNG,PLZ,ENTFERNUNG_DEC)
		values(103, 89,'München', 'Arnulfstr','192','Fttb MUC', '80634', '0,1' );
	insert into t_strassenliste(HVT_GRUPPE_ID,ONKZ,ORT,STRASSE,ABSCHNITT,BEMERKUNG,PLZ,ENTFERNUNG_DEC)
		values(103, 89,'München', 'Arnulfstr','190','Fttb MUC', '80634', '0,1' );
	insert into t_strassenliste(HVT_GRUPPE_ID,ONKZ,ORT,STRASSE,ABSCHNITT,BEMERKUNG,PLZ,ENTFERNUNG_DEC)
		values(104, 89,'München', 'Arnulfstr','188','Fttb MUC', '80634', '0,1' );
	insert into t_strassenliste(HVT_GRUPPE_ID,ONKZ,ORT,STRASSE,ABSCHNITT,BEMERKUNG,PLZ,ENTFERNUNG_DEC)
		values(104, 89,'München', 'Arnulfstr','186','Fttb MUC', '80634', '0,1' );
	insert into t_strassenliste(HVT_GRUPPE_ID,ONKZ,ORT,STRASSE,ABSCHNITT,BEMERKUNG,PLZ,ENTFERNUNG_DEC)
		values(104, 89,'München', 'Arnulfstr','184','Fttb MUC', '80634', '0,1' );
	insert into t_strassenliste(HVT_GRUPPE_ID,ONKZ,ORT,STRASSE,ABSCHNITT,BEMERKUNG,PLZ,ENTFERNUNG_DEC)
		values(105, 89,'München', 'Arnulfstr','182','Fttb MUC', '80634', '0,1' );
	insert into t_strassenliste(HVT_GRUPPE_ID,ONKZ,ORT,STRASSE,ABSCHNITT,BEMERKUNG,PLZ,ENTFERNUNG_DEC)
		values(105, 89,'München', 'Arnulfstr','180','Fttb MUC', '80634', '0,1' );
	insert into t_strassenliste(HVT_GRUPPE_ID,ONKZ,ORT,STRASSE,ABSCHNITT,BEMERKUNG,PLZ,ENTFERNUNG_DEC)
		values(105, 89,'München', 'Stupfstr','1','Fttb MUC', '80634', '0,1' );
	insert into t_strassenliste(HVT_GRUPPE_ID,ONKZ,ORT,STRASSE,ABSCHNITT,BEMERKUNG,PLZ,ENTFERNUNG_DEC)
		values(112, 89,'München', 'Stupfstr','3','Fttb MUC', '80634', '0,1' );
	insert into t_strassenliste(HVT_GRUPPE_ID,ONKZ,ORT,STRASSE,ABSCHNITT,BEMERKUNG,PLZ,ENTFERNUNG_DEC)
		values(112, 89,'München', 'Stupfstr','5','Fttb MUC', '80634', '0,1' );
	insert into t_strassenliste(HVT_GRUPPE_ID,ONKZ,ORT,STRASSE,ABSCHNITT,BEMERKUNG,PLZ,ENTFERNUNG_DEC)
		values(112, 89,'München', 'Stupfstr','7','Fttb MUC', '80634', '0,1' );
	insert into t_strassenliste(HVT_GRUPPE_ID,ONKZ,ORT,STRASSE,ABSCHNITT,BEMERKUNG,PLZ,ENTFERNUNG_DEC)
		values(121, 89,'München', 'Stupfstr','9','Fttb MUC', '80634', '0,1' );
	insert into t_strassenliste(HVT_GRUPPE_ID,ONKZ,ORT,STRASSE,ABSCHNITT,BEMERKUNG,PLZ,ENTFERNUNG_DEC)
		values(121, 89,'München', 'Stupfstr','11','Fttb MUC', '80634', '0,1' );
	insert into t_strassenliste(HVT_GRUPPE_ID,ONKZ,ORT,STRASSE,ABSCHNITT,BEMERKUNG,PLZ,ENTFERNUNG_DEC)
		values(121, 89,'München', 'Stupfstr','13','Fttb MUC', '80634', '0,1' );
	insert into t_strassenliste(HVT_GRUPPE_ID,ONKZ,ORT,STRASSE,ABSCHNITT,BEMERKUNG,PLZ,ENTFERNUNG_DEC)
		values(122, 89,'München', 'Stupfstr','15','Fttb MUC', '80634', '0,1' );
	insert into t_strassenliste(HVT_GRUPPE_ID,ONKZ,ORT,STRASSE,ABSCHNITT,BEMERKUNG,PLZ,ENTFERNUNG_DEC)
		values(122, 89,'München', 'Stupfstr','17','Fttb MUC', '80634', '0,1' );
	insert into t_strassenliste(HVT_GRUPPE_ID,ONKZ,ORT,STRASSE,ABSCHNITT,BEMERKUNG,PLZ,ENTFERNUNG_DEC)
		values(122, 89,'München', 'Stupfstr','19','Fttb MUC', '80634', '0,1' );
	insert into t_strassenliste(HVT_GRUPPE_ID,ONKZ,ORT,STRASSE,ABSCHNITT,BEMERKUNG,PLZ,ENTFERNUNG_DEC)
		values(116, 89,'München', 'Stupfstr','21','Fttb MUC', '80634', '0,1' );
	insert into t_strassenliste(HVT_GRUPPE_ID,ONKZ,ORT,STRASSE,ABSCHNITT,BEMERKUNG,PLZ,ENTFERNUNG_DEC)
		values(113, 89,'München', 'Zum Künstlerhof','1','Fttb MUC', '80634', '0,1' );
	insert into t_strassenliste(HVT_GRUPPE_ID,ONKZ,ORT,STRASSE,ABSCHNITT,BEMERKUNG,PLZ,ENTFERNUNG_DEC)
		values(113, 89,'München', 'Zum Künstlerhof','3','Fttb MUC', '80634', '0,1' );
	insert into t_strassenliste(HVT_GRUPPE_ID,ONKZ,ORT,STRASSE,ABSCHNITT,BEMERKUNG,PLZ,ENTFERNUNG_DEC)
		values(114, 89,'München', 'Zum Künstlerhof','5','Fttb MUC', '80634', '0,1' );
	insert into t_strassenliste(HVT_GRUPPE_ID,ONKZ,ORT,STRASSE,ABSCHNITT,BEMERKUNG,PLZ,ENTFERNUNG_DEC)
		values(114, 89,'München', 'Zum Künstlerhof','7','Fttb MUC', '80634', '0,1' );
	insert into t_strassenliste(HVT_GRUPPE_ID,ONKZ,ORT,STRASSE,ABSCHNITT,BEMERKUNG,PLZ,ENTFERNUNG_DEC)
		values(115, 89,'München', 'Zum Künstlerhof','9','Fttb MUC', '80634', '0,1' );
	insert into t_strassenliste(HVT_GRUPPE_ID,ONKZ,ORT,STRASSE,ABSCHNITT,BEMERKUNG,PLZ,ENTFERNUNG_DEC)
		values(115, 89,'München', 'Zum Künstlerhof','11','Fttb MUC', '80634', '0,1' );
	insert into t_strassenliste(HVT_GRUPPE_ID,ONKZ,ORT,STRASSE,ABSCHNITT,BEMERKUNG,PLZ,ENTFERNUNG_DEC)
		values(116, 89,'München', 'Zum Künstlerhof','2','Fttb MUC', '80634', '0,1' );
	insert into t_strassenliste(HVT_GRUPPE_ID,ONKZ,ORT,STRASSE,ABSCHNITT,BEMERKUNG,PLZ,ENTFERNUNG_DEC)
		values(117, 89,'München', 'Zum Künstlerhof','4','Fttb MUC', '80634', '0,1' );
	insert into t_strassenliste(HVT_GRUPPE_ID,ONKZ,ORT,STRASSE,ABSCHNITT,BEMERKUNG,PLZ,ENTFERNUNG_DEC)
		values(117, 89,'München', 'Zum Künstlerhof','6','Fttb MUC', '80634', '0,1' );
	insert into t_strassenliste(HVT_GRUPPE_ID,ONKZ,ORT,STRASSE,ABSCHNITT,BEMERKUNG,PLZ,ENTFERNUNG_DEC)
		values(118, 89,'München', 'Zum Künstlerhof','8','Fttb MUC', '80634', '0,1' );
	insert into t_strassenliste(HVT_GRUPPE_ID,ONKZ,ORT,STRASSE,ABSCHNITT,BEMERKUNG,PLZ,ENTFERNUNG_DEC)
		values(118, 89,'München', 'Zum Künstlerhof','10','Fttb MUC', '80634', '0,1' );
	insert into t_strassenliste(HVT_GRUPPE_ID,ONKZ,ORT,STRASSE,ABSCHNITT,BEMERKUNG,PLZ,ENTFERNUNG_DEC)
		values(119, 89,'München', 'Zum Künstlerhof','12','Fttb MUC', '80634', '0,1' );
	insert into t_strassenliste(HVT_GRUPPE_ID,ONKZ,ORT,STRASSE,ABSCHNITT,BEMERKUNG,PLZ,ENTFERNUNG_DEC)
		values(119, 89,'München', 'Zum Künstlerhof','14','Fttb MUC', '80634', '0,1' );
	insert into t_strassenliste(HVT_GRUPPE_ID,ONKZ,ORT,STRASSE,ABSCHNITT,BEMERKUNG,PLZ,ENTFERNUNG_DEC)
		values(120, 89,'München', 'Zum Künstlerhof','16','Fttb MUC', '80634', '0,1' );
	insert into t_strassenliste(HVT_GRUPPE_ID,ONKZ,ORT,STRASSE,ABSCHNITT,BEMERKUNG,PLZ,ENTFERNUNG_DEC)
		values(120, 89,'München', 'Zum Künstlerhof','18','Fttb MUC', '80634', '0,1' );
	insert into t_strassenliste(HVT_GRUPPE_ID,ONKZ,ORT,STRASSE,ABSCHNITT,BEMERKUNG,PLZ,ENTFERNUNG_DEC)
		values(120, 89,'München', 'Karl-Schurz-Str','19','Fttb MUC', '80634', '0,1' );

-- UEVT anlegen

	insert into t_uevt (UEVT_ID,HVT_ID_STANDORT,UEVT,SCHWELLWERT,PROJEKTIERUNG) 
		values(104, 97, '0001', 20, 0);
	insert into t_uevt (UEVT_ID,HVT_ID_STANDORT,UEVT,SCHWELLWERT,PROJEKTIERUNG) 
		values(105, 98, '0001', 20, 0);
insert into t_uevt (UEVT_ID,HVT_ID_STANDORT,UEVT,SCHWELLWERT,PROJEKTIERUNG) 
		values(106, 99, '0001', 20, 0);
insert into t_uevt (UEVT_ID,HVT_ID_STANDORT,UEVT,SCHWELLWERT,PROJEKTIERUNG) 
		values(107, 100, '0001', 20, 0);
insert into t_uevt (UEVT_ID,HVT_ID_STANDORT,UEVT,SCHWELLWERT,PROJEKTIERUNG) 
		values(108, 101, '0001', 20, 0);
insert into t_uevt (UEVT_ID,HVT_ID_STANDORT,UEVT,SCHWELLWERT,PROJEKTIERUNG) 
		values(109, 102, '0001', 20, 0);
insert into t_uevt (UEVT_ID,HVT_ID_STANDORT,UEVT,SCHWELLWERT,PROJEKTIERUNG) 
		values(110, 103, '0001', 20, 0);
insert into t_uevt (UEVT_ID,HVT_ID_STANDORT,UEVT,SCHWELLWERT,PROJEKTIERUNG) 
		values(111, 104, '0001', 20, 0);
insert into t_uevt (UEVT_ID,HVT_ID_STANDORT,UEVT,SCHWELLWERT,PROJEKTIERUNG) 
		values(112, 105, '0001', 20, 0);
insert into t_uevt (UEVT_ID,HVT_ID_STANDORT,UEVT,SCHWELLWERT,PROJEKTIERUNG) 
		values(113, 106, '0001', 20, 0);
insert into t_uevt (UEVT_ID,HVT_ID_STANDORT,UEVT,SCHWELLWERT,PROJEKTIERUNG) 
		values(114, 107, '0001', 20, 0);
insert into t_uevt (UEVT_ID,HVT_ID_STANDORT,UEVT,SCHWELLWERT,PROJEKTIERUNG) 
		values(115, 108, '0001', 20, 0);
insert into t_uevt (UEVT_ID,HVT_ID_STANDORT,UEVT,SCHWELLWERT,PROJEKTIERUNG) 
		values(116, 109, '0001', 20, 0);
insert into t_uevt (UEVT_ID,HVT_ID_STANDORT,UEVT,SCHWELLWERT,PROJEKTIERUNG) 
		values(117, 110, '0001', 20, 0);
insert into t_uevt (UEVT_ID,HVT_ID_STANDORT,UEVT,SCHWELLWERT,PROJEKTIERUNG) 
		values(118, 111, '0001', 20, 0);
insert into t_uevt (UEVT_ID,HVT_ID_STANDORT,UEVT,SCHWELLWERT,PROJEKTIERUNG) 
		values(119, 112, '0001', 20, 0);
insert into t_uevt (UEVT_ID,HVT_ID_STANDORT,UEVT,SCHWELLWERT,PROJEKTIERUNG) 
		values(120, 113, '0001', 20, 0);
insert into t_uevt (UEVT_ID,HVT_ID_STANDORT,UEVT,SCHWELLWERT,PROJEKTIERUNG) 
		values(121, 114, '0001', 20, 0);
insert into t_uevt (UEVT_ID,HVT_ID_STANDORT,UEVT,SCHWELLWERT,PROJEKTIERUNG) 
		values(122, 115, '0001', 20, 0);
insert into t_uevt (UEVT_ID,HVT_ID_STANDORT,UEVT,SCHWELLWERT,PROJEKTIERUNG) 
		values(123, 116, '0001', 20, 0);
insert into t_uevt (UEVT_ID,HVT_ID_STANDORT,UEVT,SCHWELLWERT,PROJEKTIERUNG) 
		values(124, 117, '0001', 20, 0);
insert into t_uevt (UEVT_ID,HVT_ID_STANDORT,UEVT,SCHWELLWERT,PROJEKTIERUNG) 
		values(125, 118, '0001', 20, 0);
insert into t_uevt (UEVT_ID,HVT_ID_STANDORT,UEVT,SCHWELLWERT,PROJEKTIERUNG) 
		values(126, 119, '0001', 20, 0);
insert into t_uevt (UEVT_ID,HVT_ID_STANDORT,UEVT,SCHWELLWERT,PROJEKTIERUNG) 
		values(127, 120, '0001', 20, 0);
insert into t_uevt (UEVT_ID,HVT_ID_STANDORT,UEVT,SCHWELLWERT,PROJEKTIERUNG) 
		values(128, 121, '0001', 20, 0);
insert into t_uevt (UEVT_ID,HVT_ID_STANDORT,UEVT,SCHWELLWERT,PROJEKTIERUNG) 
		values(129, 122, '0001', 20, 0);
insert into t_uevt (UEVT_ID,HVT_ID_STANDORT,UEVT,SCHWELLWERT,PROJEKTIERUNG) 
		values(130, 123, '0001', 20, 0);

-- Rangierungsmatrix anlegen 
insert into t_rangierungsmatrix(PROD_ID,UEVT_ID,PRODUKT2PHYSIKTYP_ID,HVT_STANDORT_ID_ZIEL,GUELTIG_VON,GUELTIG_BIS,BEARBEITER)
	values(501,104,240,97,'2008-01-01','2200-01-01','Hanke'); 
insert into t_rangierungsmatrix(PROD_ID,UEVT_ID,PRODUKT2PHYSIKTYP_ID,HVT_STANDORT_ID_ZIEL,GUELTIG_VON,GUELTIG_BIS,BEARBEITER)
	values(501,105,240,98,'2008-01-01','2200-01-01','Hanke'); 
insert into t_rangierungsmatrix(PROD_ID,UEVT_ID,PRODUKT2PHYSIKTYP_ID,HVT_STANDORT_ID_ZIEL,GUELTIG_VON,GUELTIG_BIS,BEARBEITER)
	values(501,106,240,99,'2008-01-01','2200-01-01','Hanke'); 
insert into t_rangierungsmatrix(PROD_ID,UEVT_ID,PRODUKT2PHYSIKTYP_ID,HVT_STANDORT_ID_ZIEL,GUELTIG_VON,GUELTIG_BIS,BEARBEITER)
	values(501,107,240,100,'2008-01-01','2200-01-01','Hanke'); 
insert into t_rangierungsmatrix(PROD_ID,UEVT_ID,PRODUKT2PHYSIKTYP_ID,HVT_STANDORT_ID_ZIEL,GUELTIG_VON,GUELTIG_BIS,BEARBEITER)
	values(501,108,240,101,'2008-01-01','2200-01-01','Hanke'); 
insert into t_rangierungsmatrix(PROD_ID,UEVT_ID,PRODUKT2PHYSIKTYP_ID,HVT_STANDORT_ID_ZIEL,GUELTIG_VON,GUELTIG_BIS,BEARBEITER)
	values(501,109,240,102,'2008-01-01','2200-01-01','Hanke'); 
insert into t_rangierungsmatrix(PROD_ID,UEVT_ID,PRODUKT2PHYSIKTYP_ID,HVT_STANDORT_ID_ZIEL,GUELTIG_VON,GUELTIG_BIS,BEARBEITER)
	values(501,110,240,103,'2008-01-01','2200-01-01','Hanke'); 
insert into t_rangierungsmatrix(PROD_ID,UEVT_ID,PRODUKT2PHYSIKTYP_ID,HVT_STANDORT_ID_ZIEL,GUELTIG_VON,GUELTIG_BIS,BEARBEITER)
	values(501,111,240,104,'2008-01-01','2200-01-01','Hanke'); 
insert into t_rangierungsmatrix(PROD_ID,UEVT_ID,PRODUKT2PHYSIKTYP_ID,HVT_STANDORT_ID_ZIEL,GUELTIG_VON,GUELTIG_BIS,BEARBEITER)
	values(501,112,240,105,'2008-01-01','2200-01-01','Hanke'); 
insert into t_rangierungsmatrix(PROD_ID,UEVT_ID,PRODUKT2PHYSIKTYP_ID,HVT_STANDORT_ID_ZIEL,GUELTIG_VON,GUELTIG_BIS,BEARBEITER)
	values(501,113,240,106,'2008-01-01','2200-01-01','Hanke'); 
insert into t_rangierungsmatrix(PROD_ID,UEVT_ID,PRODUKT2PHYSIKTYP_ID,HVT_STANDORT_ID_ZIEL,GUELTIG_VON,GUELTIG_BIS,BEARBEITER)
	values(501,114,240,107,'2008-01-01','2200-01-01','Hanke'); 
insert into t_rangierungsmatrix(PROD_ID,UEVT_ID,PRODUKT2PHYSIKTYP_ID,HVT_STANDORT_ID_ZIEL,GUELTIG_VON,GUELTIG_BIS,BEARBEITER)
	values(501,115,240,108,'2008-01-01','2200-01-01','Hanke'); 
insert into t_rangierungsmatrix(PROD_ID,UEVT_ID,PRODUKT2PHYSIKTYP_ID,HVT_STANDORT_ID_ZIEL,GUELTIG_VON,GUELTIG_BIS,BEARBEITER)
	values(501,116,240,109,'2008-01-01','2200-01-01','Hanke'); 
insert into t_rangierungsmatrix(PROD_ID,UEVT_ID,PRODUKT2PHYSIKTYP_ID,HVT_STANDORT_ID_ZIEL,GUELTIG_VON,GUELTIG_BIS,BEARBEITER)
	values(501,117,240,110,'2008-01-01','2200-01-01','Hanke'); 
insert into t_rangierungsmatrix(PROD_ID,UEVT_ID,PRODUKT2PHYSIKTYP_ID,HVT_STANDORT_ID_ZIEL,GUELTIG_VON,GUELTIG_BIS,BEARBEITER)
	values(501,118,240,111,'2008-01-01','2200-01-01','Hanke'); 
insert into t_rangierungsmatrix(PROD_ID,UEVT_ID,PRODUKT2PHYSIKTYP_ID,HVT_STANDORT_ID_ZIEL,GUELTIG_VON,GUELTIG_BIS,BEARBEITER)
	values(501,119,240,112,'2008-01-01','2200-01-01','Hanke'); 
insert into t_rangierungsmatrix(PROD_ID,UEVT_ID,PRODUKT2PHYSIKTYP_ID,HVT_STANDORT_ID_ZIEL,GUELTIG_VON,GUELTIG_BIS,BEARBEITER)
	values(501,120,240,113,'2008-01-01','2200-01-01','Hanke'); 
insert into t_rangierungsmatrix(PROD_ID,UEVT_ID,PRODUKT2PHYSIKTYP_ID,HVT_STANDORT_ID_ZIEL,GUELTIG_VON,GUELTIG_BIS,BEARBEITER)
	values(501,121,240,114,'2008-01-01','2200-01-01','Hanke'); 
insert into t_rangierungsmatrix(PROD_ID,UEVT_ID,PRODUKT2PHYSIKTYP_ID,HVT_STANDORT_ID_ZIEL,GUELTIG_VON,GUELTIG_BIS,BEARBEITER)
	values(501,122,240,115,'2008-01-01','2200-01-01','Hanke'); 
insert into t_rangierungsmatrix(PROD_ID,UEVT_ID,PRODUKT2PHYSIKTYP_ID,HVT_STANDORT_ID_ZIEL,GUELTIG_VON,GUELTIG_BIS,BEARBEITER)
	values(501,123,240,116,'2008-01-01','2200-01-01','Hanke'); 
insert into t_rangierungsmatrix(PROD_ID,UEVT_ID,PRODUKT2PHYSIKTYP_ID,HVT_STANDORT_ID_ZIEL,GUELTIG_VON,GUELTIG_BIS,BEARBEITER)
	values(501,124,240,117,'2008-01-01','2200-01-01','Hanke'); 
insert into t_rangierungsmatrix(PROD_ID,UEVT_ID,PRODUKT2PHYSIKTYP_ID,HVT_STANDORT_ID_ZIEL,GUELTIG_VON,GUELTIG_BIS,BEARBEITER)
	values(501,125,240,118,'2008-01-01','2200-01-01','Hanke'); 
insert into t_rangierungsmatrix(PROD_ID,UEVT_ID,PRODUKT2PHYSIKTYP_ID,HVT_STANDORT_ID_ZIEL,GUELTIG_VON,GUELTIG_BIS,BEARBEITER)
	values(501,126,240,119,'2008-01-01','2200-01-01','Hanke'); 
insert into t_rangierungsmatrix(PROD_ID,UEVT_ID,PRODUKT2PHYSIKTYP_ID,HVT_STANDORT_ID_ZIEL,GUELTIG_VON,GUELTIG_BIS,BEARBEITER)
	values(501,127,240,120,'2008-01-01','2200-01-01','Hanke'); 
insert into t_rangierungsmatrix(PROD_ID,UEVT_ID,PRODUKT2PHYSIKTYP_ID,HVT_STANDORT_ID_ZIEL,GUELTIG_VON,GUELTIG_BIS,BEARBEITER)
	values(501,128,240,121,'2008-01-01','2200-01-01','Hanke'); 
insert into t_rangierungsmatrix(PROD_ID,UEVT_ID,PRODUKT2PHYSIKTYP_ID,HVT_STANDORT_ID_ZIEL,GUELTIG_VON,GUELTIG_BIS,BEARBEITER)
	values(501,129,240,122,'2008-01-01','2200-01-01','Hanke'); 
insert into t_rangierungsmatrix(PROD_ID,UEVT_ID,PRODUKT2PHYSIKTYP_ID,HVT_STANDORT_ID_ZIEL,GUELTIG_VON,GUELTIG_BIS,BEARBEITER)
	values(501,130,240,123,'2008-01-01','2200-01-01','Hanke'); 

insert into t_rangierungsmatrix(PROD_ID,UEVT_ID,PRODUKT2PHYSIKTYP_ID,HVT_STANDORT_ID_ZIEL,GUELTIG_VON,GUELTIG_BIS,BEARBEITER)
	values(502,104,241,97,'2008-01-01','2200-01-01','Hanke'); 
insert into t_rangierungsmatrix(PROD_ID,UEVT_ID,PRODUKT2PHYSIKTYP_ID,HVT_STANDORT_ID_ZIEL,GUELTIG_VON,GUELTIG_BIS,BEARBEITER)
	values(502,105,241,98,'2008-01-01','2200-01-01','Hanke'); 
insert into t_rangierungsmatrix(PROD_ID,UEVT_ID,PRODUKT2PHYSIKTYP_ID,HVT_STANDORT_ID_ZIEL,GUELTIG_VON,GUELTIG_BIS,BEARBEITER)
	values(502,106,241,99,'2008-01-01','2200-01-01','Hanke'); 
insert into t_rangierungsmatrix(PROD_ID,UEVT_ID,PRODUKT2PHYSIKTYP_ID,HVT_STANDORT_ID_ZIEL,GUELTIG_VON,GUELTIG_BIS,BEARBEITER)
	values(502,107,241,100,'2008-01-01','2200-01-01','Hanke'); 
insert into t_rangierungsmatrix(PROD_ID,UEVT_ID,PRODUKT2PHYSIKTYP_ID,HVT_STANDORT_ID_ZIEL,GUELTIG_VON,GUELTIG_BIS,BEARBEITER)
	values(502,108,241,101,'2008-01-01','2200-01-01','Hanke'); 
insert into t_rangierungsmatrix(PROD_ID,UEVT_ID,PRODUKT2PHYSIKTYP_ID,HVT_STANDORT_ID_ZIEL,GUELTIG_VON,GUELTIG_BIS,BEARBEITER)
	values(502,109,241,102,'2008-01-01','2200-01-01','Hanke'); 
insert into t_rangierungsmatrix(PROD_ID,UEVT_ID,PRODUKT2PHYSIKTYP_ID,HVT_STANDORT_ID_ZIEL,GUELTIG_VON,GUELTIG_BIS,BEARBEITER)
	values(502,110,241,103,'2008-01-01','2200-01-01','Hanke'); 
insert into t_rangierungsmatrix(PROD_ID,UEVT_ID,PRODUKT2PHYSIKTYP_ID,HVT_STANDORT_ID_ZIEL,GUELTIG_VON,GUELTIG_BIS,BEARBEITER)
	values(502,111,241,104,'2008-01-01','2200-01-01','Hanke'); 
insert into t_rangierungsmatrix(PROD_ID,UEVT_ID,PRODUKT2PHYSIKTYP_ID,HVT_STANDORT_ID_ZIEL,GUELTIG_VON,GUELTIG_BIS,BEARBEITER)
	values(502,112,241,105,'2008-01-01','2200-01-01','Hanke'); 
insert into t_rangierungsmatrix(PROD_ID,UEVT_ID,PRODUKT2PHYSIKTYP_ID,HVT_STANDORT_ID_ZIEL,GUELTIG_VON,GUELTIG_BIS,BEARBEITER)
	values(502,113,241,106,'2008-01-01','2200-01-01','Hanke'); 
insert into t_rangierungsmatrix(PROD_ID,UEVT_ID,PRODUKT2PHYSIKTYP_ID,HVT_STANDORT_ID_ZIEL,GUELTIG_VON,GUELTIG_BIS,BEARBEITER)
	values(502,114,241,107,'2008-01-01','2200-01-01','Hanke'); 
insert into t_rangierungsmatrix(PROD_ID,UEVT_ID,PRODUKT2PHYSIKTYP_ID,HVT_STANDORT_ID_ZIEL,GUELTIG_VON,GUELTIG_BIS,BEARBEITER)
	values(502,115,241,108,'2008-01-01','2200-01-01','Hanke'); 
insert into t_rangierungsmatrix(PROD_ID,UEVT_ID,PRODUKT2PHYSIKTYP_ID,HVT_STANDORT_ID_ZIEL,GUELTIG_VON,GUELTIG_BIS,BEARBEITER)
	values(502,116,241,109,'2008-01-01','2200-01-01','Hanke'); 
insert into t_rangierungsmatrix(PROD_ID,UEVT_ID,PRODUKT2PHYSIKTYP_ID,HVT_STANDORT_ID_ZIEL,GUELTIG_VON,GUELTIG_BIS,BEARBEITER)
	values(502,117,241,110,'2008-01-01','2200-01-01','Hanke'); 
insert into t_rangierungsmatrix(PROD_ID,UEVT_ID,PRODUKT2PHYSIKTYP_ID,HVT_STANDORT_ID_ZIEL,GUELTIG_VON,GUELTIG_BIS,BEARBEITER)
	values(502,118,241,111,'2008-01-01','2200-01-01','Hanke'); 
insert into t_rangierungsmatrix(PROD_ID,UEVT_ID,PRODUKT2PHYSIKTYP_ID,HVT_STANDORT_ID_ZIEL,GUELTIG_VON,GUELTIG_BIS,BEARBEITER)
	values(502,119,241,112,'2008-01-01','2200-01-01','Hanke'); 
insert into t_rangierungsmatrix(PROD_ID,UEVT_ID,PRODUKT2PHYSIKTYP_ID,HVT_STANDORT_ID_ZIEL,GUELTIG_VON,GUELTIG_BIS,BEARBEITER)
	values(502,120,241,113,'2008-01-01','2200-01-01','Hanke'); 
insert into t_rangierungsmatrix(PROD_ID,UEVT_ID,PRODUKT2PHYSIKTYP_ID,HVT_STANDORT_ID_ZIEL,GUELTIG_VON,GUELTIG_BIS,BEARBEITER)
	values(502,121,241,114,'2008-01-01','2200-01-01','Hanke'); 
insert into t_rangierungsmatrix(PROD_ID,UEVT_ID,PRODUKT2PHYSIKTYP_ID,HVT_STANDORT_ID_ZIEL,GUELTIG_VON,GUELTIG_BIS,BEARBEITER)
	values(502,122,241,115,'2008-01-01','2200-01-01','Hanke'); 
insert into t_rangierungsmatrix(PROD_ID,UEVT_ID,PRODUKT2PHYSIKTYP_ID,HVT_STANDORT_ID_ZIEL,GUELTIG_VON,GUELTIG_BIS,BEARBEITER)
	values(502,123,241,116,'2008-01-01','2200-01-01','Hanke'); 
insert into t_rangierungsmatrix(PROD_ID,UEVT_ID,PRODUKT2PHYSIKTYP_ID,HVT_STANDORT_ID_ZIEL,GUELTIG_VON,GUELTIG_BIS,BEARBEITER)
	values(502,124,241,117,'2008-01-01','2200-01-01','Hanke'); 
insert into t_rangierungsmatrix(PROD_ID,UEVT_ID,PRODUKT2PHYSIKTYP_ID,HVT_STANDORT_ID_ZIEL,GUELTIG_VON,GUELTIG_BIS,BEARBEITER)
	values(502,125,241,118,'2008-01-01','2200-01-01','Hanke'); 
insert into t_rangierungsmatrix(PROD_ID,UEVT_ID,PRODUKT2PHYSIKTYP_ID,HVT_STANDORT_ID_ZIEL,GUELTIG_VON,GUELTIG_BIS,BEARBEITER)
	values(502,126,241,119,'2008-01-01','2200-01-01','Hanke'); 
insert into t_rangierungsmatrix(PROD_ID,UEVT_ID,PRODUKT2PHYSIKTYP_ID,HVT_STANDORT_ID_ZIEL,GUELTIG_VON,GUELTIG_BIS,BEARBEITER)
	values(502,127,241,120,'2008-01-01','2200-01-01','Hanke'); 
insert into t_rangierungsmatrix(PROD_ID,UEVT_ID,PRODUKT2PHYSIKTYP_ID,HVT_STANDORT_ID_ZIEL,GUELTIG_VON,GUELTIG_BIS,BEARBEITER)
	values(502,128,241,121,'2008-01-01','2200-01-01','Hanke'); 
insert into t_rangierungsmatrix(PROD_ID,UEVT_ID,PRODUKT2PHYSIKTYP_ID,HVT_STANDORT_ID_ZIEL,GUELTIG_VON,GUELTIG_BIS,BEARBEITER)
	values(502,129,241,122,'2008-01-01','2200-01-01','Hanke'); 
insert into t_rangierungsmatrix(PROD_ID,UEVT_ID,PRODUKT2PHYSIKTYP_ID,HVT_STANDORT_ID_ZIEL,GUELTIG_VON,GUELTIG_BIS,BEARBEITER)
	values(502,130,241,123,'2008-01-01','2200-01-01','Hanke'); 

insert into t_rangierungsmatrix(PROD_ID,UEVT_ID,PRODUKT2PHYSIKTYP_ID,HVT_STANDORT_ID_ZIEL,GUELTIG_VON,GUELTIG_BIS,BEARBEITER)
	values(503,104,242,97,'2008-01-01','2200-01-01','Hanke'); 
insert into t_rangierungsmatrix(PROD_ID,UEVT_ID,PRODUKT2PHYSIKTYP_ID,HVT_STANDORT_ID_ZIEL,GUELTIG_VON,GUELTIG_BIS,BEARBEITER)
	values(503,105,242,98,'2008-01-01','2200-01-01','Hanke'); 
insert into t_rangierungsmatrix(PROD_ID,UEVT_ID,PRODUKT2PHYSIKTYP_ID,HVT_STANDORT_ID_ZIEL,GUELTIG_VON,GUELTIG_BIS,BEARBEITER)
	values(503,106,242,99,'2008-01-01','2200-01-01','Hanke'); 
insert into t_rangierungsmatrix(PROD_ID,UEVT_ID,PRODUKT2PHYSIKTYP_ID,HVT_STANDORT_ID_ZIEL,GUELTIG_VON,GUELTIG_BIS,BEARBEITER)
	values(503,107,242,100,'2008-01-01','2200-01-01','Hanke'); 
insert into t_rangierungsmatrix(PROD_ID,UEVT_ID,PRODUKT2PHYSIKTYP_ID,HVT_STANDORT_ID_ZIEL,GUELTIG_VON,GUELTIG_BIS,BEARBEITER)
	values(503,108,242,101,'2008-01-01','2200-01-01','Hanke'); 
insert into t_rangierungsmatrix(PROD_ID,UEVT_ID,PRODUKT2PHYSIKTYP_ID,HVT_STANDORT_ID_ZIEL,GUELTIG_VON,GUELTIG_BIS,BEARBEITER)
	values(503,109,242,102,'2008-01-01','2200-01-01','Hanke'); 
insert into t_rangierungsmatrix(PROD_ID,UEVT_ID,PRODUKT2PHYSIKTYP_ID,HVT_STANDORT_ID_ZIEL,GUELTIG_VON,GUELTIG_BIS,BEARBEITER)
	values(503,110,242,103,'2008-01-01','2200-01-01','Hanke'); 
insert into t_rangierungsmatrix(PROD_ID,UEVT_ID,PRODUKT2PHYSIKTYP_ID,HVT_STANDORT_ID_ZIEL,GUELTIG_VON,GUELTIG_BIS,BEARBEITER)
	values(503,111,242,104,'2008-01-01','2200-01-01','Hanke'); 
insert into t_rangierungsmatrix(PROD_ID,UEVT_ID,PRODUKT2PHYSIKTYP_ID,HVT_STANDORT_ID_ZIEL,GUELTIG_VON,GUELTIG_BIS,BEARBEITER)
	values(503,112,242,105,'2008-01-01','2200-01-01','Hanke'); 
insert into t_rangierungsmatrix(PROD_ID,UEVT_ID,PRODUKT2PHYSIKTYP_ID,HVT_STANDORT_ID_ZIEL,GUELTIG_VON,GUELTIG_BIS,BEARBEITER)
	values(503,113,242,106,'2008-01-01','2200-01-01','Hanke'); 
insert into t_rangierungsmatrix(PROD_ID,UEVT_ID,PRODUKT2PHYSIKTYP_ID,HVT_STANDORT_ID_ZIEL,GUELTIG_VON,GUELTIG_BIS,BEARBEITER)
	values(503,114,242,107,'2008-01-01','2200-01-01','Hanke'); 
insert into t_rangierungsmatrix(PROD_ID,UEVT_ID,PRODUKT2PHYSIKTYP_ID,HVT_STANDORT_ID_ZIEL,GUELTIG_VON,GUELTIG_BIS,BEARBEITER)
	values(503,115,242,108,'2008-01-01','2200-01-01','Hanke'); 
insert into t_rangierungsmatrix(PROD_ID,UEVT_ID,PRODUKT2PHYSIKTYP_ID,HVT_STANDORT_ID_ZIEL,GUELTIG_VON,GUELTIG_BIS,BEARBEITER)
	values(503,116,242,109,'2008-01-01','2200-01-01','Hanke'); 
insert into t_rangierungsmatrix(PROD_ID,UEVT_ID,PRODUKT2PHYSIKTYP_ID,HVT_STANDORT_ID_ZIEL,GUELTIG_VON,GUELTIG_BIS,BEARBEITER)
	values(503,117,242,110,'2008-01-01','2200-01-01','Hanke'); 
insert into t_rangierungsmatrix(PROD_ID,UEVT_ID,PRODUKT2PHYSIKTYP_ID,HVT_STANDORT_ID_ZIEL,GUELTIG_VON,GUELTIG_BIS,BEARBEITER)
	values(503,118,242,111,'2008-01-01','2200-01-01','Hanke'); 
insert into t_rangierungsmatrix(PROD_ID,UEVT_ID,PRODUKT2PHYSIKTYP_ID,HVT_STANDORT_ID_ZIEL,GUELTIG_VON,GUELTIG_BIS,BEARBEITER)
	values(503,119,242,112,'2008-01-01','2200-01-01','Hanke'); 
insert into t_rangierungsmatrix(PROD_ID,UEVT_ID,PRODUKT2PHYSIKTYP_ID,HVT_STANDORT_ID_ZIEL,GUELTIG_VON,GUELTIG_BIS,BEARBEITER)
	values(503,120,242,113,'2008-01-01','2200-01-01','Hanke'); 
insert into t_rangierungsmatrix(PROD_ID,UEVT_ID,PRODUKT2PHYSIKTYP_ID,HVT_STANDORT_ID_ZIEL,GUELTIG_VON,GUELTIG_BIS,BEARBEITER)
	values(503,121,242,114,'2008-01-01','2200-01-01','Hanke'); 
insert into t_rangierungsmatrix(PROD_ID,UEVT_ID,PRODUKT2PHYSIKTYP_ID,HVT_STANDORT_ID_ZIEL,GUELTIG_VON,GUELTIG_BIS,BEARBEITER)
	values(503,122,242,115,'2008-01-01','2200-01-01','Hanke'); 
insert into t_rangierungsmatrix(PROD_ID,UEVT_ID,PRODUKT2PHYSIKTYP_ID,HVT_STANDORT_ID_ZIEL,GUELTIG_VON,GUELTIG_BIS,BEARBEITER)
	values(503,123,242,116,'2008-01-01','2200-01-01','Hanke'); 
insert into t_rangierungsmatrix(PROD_ID,UEVT_ID,PRODUKT2PHYSIKTYP_ID,HVT_STANDORT_ID_ZIEL,GUELTIG_VON,GUELTIG_BIS,BEARBEITER)
	values(503,124,242,117,'2008-01-01','2200-01-01','Hanke'); 
insert into t_rangierungsmatrix(PROD_ID,UEVT_ID,PRODUKT2PHYSIKTYP_ID,HVT_STANDORT_ID_ZIEL,GUELTIG_VON,GUELTIG_BIS,BEARBEITER)
	values(503,125,242,118,'2008-01-01','2200-01-01','Hanke'); 
insert into t_rangierungsmatrix(PROD_ID,UEVT_ID,PRODUKT2PHYSIKTYP_ID,HVT_STANDORT_ID_ZIEL,GUELTIG_VON,GUELTIG_BIS,BEARBEITER)
	values(503,126,242,119,'2008-01-01','2200-01-01','Hanke'); 
insert into t_rangierungsmatrix(PROD_ID,UEVT_ID,PRODUKT2PHYSIKTYP_ID,HVT_STANDORT_ID_ZIEL,GUELTIG_VON,GUELTIG_BIS,BEARBEITER)
	values(503,127,242,120,'2008-01-01','2200-01-01','Hanke'); 
insert into t_rangierungsmatrix(PROD_ID,UEVT_ID,PRODUKT2PHYSIKTYP_ID,HVT_STANDORT_ID_ZIEL,GUELTIG_VON,GUELTIG_BIS,BEARBEITER)
	values(503,128,242,121,'2008-01-01','2200-01-01','Hanke'); 
insert into t_rangierungsmatrix(PROD_ID,UEVT_ID,PRODUKT2PHYSIKTYP_ID,HVT_STANDORT_ID_ZIEL,GUELTIG_VON,GUELTIG_BIS,BEARBEITER)
	values(503,129,242,122,'2008-01-01','2200-01-01','Hanke'); 
insert into t_rangierungsmatrix(PROD_ID,UEVT_ID,PRODUKT2PHYSIKTYP_ID,HVT_STANDORT_ID_ZIEL,GUELTIG_VON,GUELTIG_BIS,BEARBEITER)
	values(503,130,242,123,'2008-01-01','2200-01-01','Hanke'); 



-- Endgerät
	insert into t_eg(ID,INTERNE__ID,NAME,BESCHREIBUNG,typ,VERFUEGBAR_VON,VERFUEGBAR_BIS,CONFIGURABLE) 
			values(29,29,'Tilgin FttB', 'DSL Modem+Router mit VoiP', 4, '2008-01-01', '2200-01-01', 0);
	insert into t_prod_2_eg(prod_id, eg_id, is_default) values(501, 29, 1);
	insert into t_prod_2_eg(prod_id, eg_id, is_default) values(502, 29, 1);
	insert into t_prod_2_eg(prod_id, eg_id, is_default) values(503, 29, 1);


-- Leitungsart
	insert into t_leitungsart (name)
		values('25000 kbit/s'),('50000 kbit/s'),('100000 kbit/s');

-- Produkt_Name_Pattern
ALTER TABLE `hurrican_step_two`.`t_tech_leistung` ADD COLUMN `PROD_NAME_STR` VARCHAR(45) NOT NULL AFTER `PARAMETER`;
