--
-- SQL-Script fuer die Einrichtung der Premium-Produkte.
--   Beginn: 2006-02-08
--

-- Produkt-Gruppe fuer Premium-Produkte anlegen
INSERT INTO T_PRODUKTGRUPPE (ID, PRODUKTGRUPPE) VALUES (18, 'PremiumCall');

-- GUI-Mappings fuer Produkt-Gruppe definieren
INSERT INTO T_GUI_MAPPING (GUI_ID, REFERENZ_ID, REFERENZ_HERKUNFT) VALUES (202,18,'de.augustakom.hurrican.model.cc.ProduktGruppe');
INSERT INTO T_GUI_MAPPING (GUI_ID, REFERENZ_ID, REFERENZ_HERKUNFT) VALUES (203,18,'de.augustakom.hurrican.model.cc.ProduktGruppe');
INSERT INTO T_GUI_MAPPING (GUI_ID, REFERENZ_ID, REFERENZ_HERKUNFT) VALUES (205,18,'de.augustakom.hurrican.model.cc.ProduktGruppe');
INSERT INTO T_GUI_MAPPING (GUI_ID, REFERENZ_ID, REFERENZ_HERKUNFT) VALUES (206,18,'de.augustakom.hurrican.model.cc.ProduktGruppe');
INSERT INTO T_GUI_MAPPING (GUI_ID, REFERENZ_ID, REFERENZ_HERKUNFT) VALUES (310,18,'de.augustakom.hurrican.model.cc.ProduktGruppe');

-- Registry erweitern
INSERT INTO T_REGISTRY (ID, NAME, STR_VALUE, DESCRIPTION) 
	VALUES (13, 'ANSCHREIBEN_ERECHNUNG_PREMIUM', 
	'W:\\8 Allgemeines\\Vorlagen\\Maxi\\PremCallAnschreiben Kundenprotal 01,00.dot', 
	'Pfad zum Kundenportal-Anschreiben fuer Premium-Produkte');

-- Produkte anlegen
-- DSL2000
INSERT INTO T_PRODUKT (PROD_ID, PRODUKTGRUPPE_ID, PRODUKT_NR, ANSCHLUSSART, LEITUNGSART, UPSTREAM, AKTIONS_ID,
	BRAUCHT_DN, AUFTRAGSERSTELLUNG, LTGNR_VORS, LTGNR_ANLEGEN, BRAUCHT_BUENDEL, PROD_ID_TEXT,
	ELVERLAUF, ABRECHNUNG_IN_HURRICAN, ENDSTELLEN_TYP, ACCOUNT_VORS, LI_NR, VPN_PHYSIK, IS_PARENT,
	CHECK_CHILD, VERTEILUNG_DURCH, GUELTIG_VON, GUELTIG_BIS) 
	VALUES (330, 18, '205020', 'DSL 2000', 21, 25, 1, 0, 0, 'DV', 1, 1, '330', 1, 0, 1, 'as', 1, 1, 1, 1, 4, '2006-03-01', '2200-01-01');
INSERT INTO T_PRODUKT_2_SCHNITTSTELLE (PROD_ID, SCHNITTSTELLE_ID) VALUES (330, 8);
INSERT INTO T_BA_VERL_AEND_PROD_2_GRUPPE (PROD_ID, BA_VERL_AEND_GRUPPE_ID) VALUES (330, 1),(330,2);
INSERT INTO T_SPERRE_VERTEILUNG (PROD_ID, ABTEILUNG_ID) VALUES (330,2);
INSERT INTO T_PRODUKT_2_PHYSIKTYP (PROD_ID, PHYSIKTYP) VALUES (330,7),(330,507),(330,13),(330,513);
INSERT INTO T_GUI_MAPPING (GUI_ID, REFERENZ_ID, REFERENZ_HERKUNFT) VALUES (314,330,'de.augustakom.hurrican.model.cc.Produkt');
INSERT INTO T_GUI_MAPPING (GUI_ID, REFERENZ_ID, REFERENZ_HERKUNFT) VALUES (315,330,'de.augustakom.hurrican.model.cc.Produkt');

-- DSL3000
INSERT INTO T_PRODUKT (PROD_ID, PRODUKTGRUPPE_ID, PRODUKT_NR, ANSCHLUSSART, LEITUNGSART, UPSTREAM, AKTIONS_ID,
	BRAUCHT_DN, AUFTRAGSERSTELLUNG, LTGNR_VORS, LTGNR_ANLEGEN, BRAUCHT_BUENDEL, PROD_ID_TEXT,
	ELVERLAUF, ABRECHNUNG_IN_HURRICAN, ENDSTELLEN_TYP, ACCOUNT_VORS, LI_NR, VPN_PHYSIK, IS_PARENT,
	CHECK_CHILD, VERTEILUNG_DURCH, GUELTIG_VON, GUELTIG_BIS) 
	VALUES (331, 18, '205030', 'DSL 3000', 29, 25, 1, 0, 0, 'DV', 1, 1, '331', 1, 0, 1, 'as', 1, 1, 1, 1, 4, '2006-03-01', '2200-01-01');
INSERT INTO T_PRODUKT_2_SCHNITTSTELLE (PROD_ID, SCHNITTSTELLE_ID) VALUES (331, 8);
INSERT INTO T_BA_VERL_AEND_PROD_2_GRUPPE (PROD_ID, BA_VERL_AEND_GRUPPE_ID) VALUES (331, 1),(331,2);
INSERT INTO T_SPERRE_VERTEILUNG (PROD_ID, ABTEILUNG_ID) VALUES (331,2);
INSERT INTO T_PRODUKT_2_PHYSIKTYP (PROD_ID, PHYSIKTYP) VALUES (331,7),(331,507),(331,13),(331,513);
INSERT INTO T_GUI_MAPPING (GUI_ID, REFERENZ_ID, REFERENZ_HERKUNFT) VALUES (314,331,'de.augustakom.hurrican.model.cc.Produkt');
INSERT INTO T_GUI_MAPPING (GUI_ID, REFERENZ_ID, REFERENZ_HERKUNFT) VALUES (315,331,'de.augustakom.hurrican.model.cc.Produkt');

-- DSL6000
INSERT INTO T_PRODUKT (PROD_ID, PRODUKTGRUPPE_ID, PRODUKT_NR, ANSCHLUSSART, LEITUNGSART, UPSTREAM, AKTIONS_ID,
	BRAUCHT_DN, AUFTRAGSERSTELLUNG, LTGNR_VORS, LTGNR_ANLEGEN, BRAUCHT_BUENDEL, PROD_ID_TEXT,
	ELVERLAUF, ABRECHNUNG_IN_HURRICAN, ENDSTELLEN_TYP, ACCOUNT_VORS, LI_NR, VPN_PHYSIK, IS_PARENT,
	CHECK_CHILD, VERTEILUNG_DURCH, GUELTIG_VON, GUELTIG_BIS) 
	VALUES (332, 18, '205040', 'DSL 6000', 59, 37, 1, 0, 0, 'DV', 1, 1, '332', 1, 0, 1, 'as', 1, 1, 1, 1, 4, '2006-03-01', '2200-01-01');
INSERT INTO T_PRODUKT_2_SCHNITTSTELLE (PROD_ID, SCHNITTSTELLE_ID) VALUES (332, 8);
INSERT INTO T_BA_VERL_AEND_PROD_2_GRUPPE (PROD_ID, BA_VERL_AEND_GRUPPE_ID) VALUES (332, 1),(332,2);
INSERT INTO T_SPERRE_VERTEILUNG (PROD_ID, ABTEILUNG_ID) VALUES (332,2);
INSERT INTO T_PRODUKT_2_PHYSIKTYP (PROD_ID, PHYSIKTYP) VALUES (332,7),(332,507),(332,13),(332,513);
INSERT INTO T_GUI_MAPPING (GUI_ID, REFERENZ_ID, REFERENZ_HERKUNFT) VALUES (314,332,'de.augustakom.hurrican.model.cc.Produkt');
INSERT INTO T_GUI_MAPPING (GUI_ID, REFERENZ_ID, REFERENZ_HERKUNFT) VALUES (315,332,'de.augustakom.hurrican.model.cc.Produkt');

-- DSL MAX
INSERT INTO T_PRODUKT (PROD_ID, PRODUKTGRUPPE_ID, PRODUKT_NR, ANSCHLUSSART, LEITUNGSART, UPSTREAM, AKTIONS_ID,
	BRAUCHT_DN, AUFTRAGSERSTELLUNG, LTGNR_VORS, LTGNR_ANLEGEN, BRAUCHT_BUENDEL, PROD_ID_TEXT,
	ELVERLAUF, ABRECHNUNG_IN_HURRICAN, ENDSTELLEN_TYP, ACCOUNT_VORS, LI_NR, VPN_PHYSIK, IS_PARENT,
	CHECK_CHILD, VERTEILUNG_DURCH, GUELTIG_VON, GUELTIG_BIS) 
	VALUES (333, 18, '205050', 'DSL MAX', 66, 67, 1, 0, 0, 'DV', 1, 1, '333', 1, 0, 1, 'as', 1, 1, 1, 1, 4, '2006-03-01', '2200-01-01');
INSERT INTO T_PRODUKT_2_SCHNITTSTELLE (PROD_ID, SCHNITTSTELLE_ID) VALUES (333, 32);
INSERT INTO T_BA_VERL_AEND_PROD_2_GRUPPE (PROD_ID, BA_VERL_AEND_GRUPPE_ID) VALUES (333, 1),(333,2);
INSERT INTO T_SPERRE_VERTEILUNG (PROD_ID, ABTEILUNG_ID) VALUES (333,2);
INSERT INTO T_PRODUKT_2_PHYSIKTYP (PROD_ID, PHYSIKTYP) VALUES (333,13),(333,513);
INSERT INTO T_GUI_MAPPING (GUI_ID, REFERENZ_ID, REFERENZ_HERKUNFT) VALUES (314,333,'de.augustakom.hurrican.model.cc.Produkt');
INSERT INTO T_GUI_MAPPING (GUI_ID, REFERENZ_ID, REFERENZ_HERKUNFT) VALUES (315,333,'de.augustakom.hurrican.model.cc.Produkt');

-- DSL analog
INSERT INTO T_PRODUKT (PROD_ID, PRODUKTGRUPPE_ID, PRODUKT_NR, ANSCHLUSSART, LEITUNGSART, UPSTREAM, AKTIONS_ID,
	BRAUCHT_DN, AUFTRAGSERSTELLUNG, LTGNR_VORS, LTGNR_ANLEGEN, BRAUCHT_BUENDEL, PROD_ID_TEXT,
	ELVERLAUF, ABRECHNUNG_IN_HURRICAN, ENDSTELLEN_TYP, ACCOUNT_VORS, LI_NR, VPN_PHYSIK, IS_PARENT,
	CHECK_CHILD, VERTEILUNG_DURCH, GUELTIG_VON, GUELTIG_BIS, EXPORT) 
	VALUES (334, 18, '204010', 'DSL Analoganschluss', 44, null, 1, 1, 0, 'PV', 1, 1, '334', 1, 0, 1, null, 0, 0, 0, 0, 4, '2006-03-01', '2200-01-01', 1);
INSERT INTO T_PRODUKT_2_SCHNITTSTELLE (PROD_ID, SCHNITTSTELLE_ID) VALUES (334, 7);
INSERT INTO T_BA_VERL_AEND_PROD_2_GRUPPE (PROD_ID, BA_VERL_AEND_GRUPPE_ID) VALUES (334, 1),(334,2),(334,4);
INSERT INTO T_SPERRE_VERTEILUNG (PROD_ID, ABTEILUNG_ID) VALUES (334,3);
INSERT INTO T_PRODUKT_2_PHYSIKTYP (PROD_ID, PHYSIKTYP, PARENTPHYSIKTYP_ID) VALUES (334,12,7),(334,512,507),(334,12,13),(334,512,513);

-- DSL ISDN
INSERT INTO T_PRODUKT (PROD_ID, PRODUKTGRUPPE_ID, PRODUKT_NR, ANSCHLUSSART, LEITUNGSART, UPSTREAM, AKTIONS_ID,
	BRAUCHT_DN, AUFTRAGSERSTELLUNG, LTGNR_VORS, LTGNR_ANLEGEN, BRAUCHT_BUENDEL, PROD_ID_TEXT,
	ELVERLAUF, ABRECHNUNG_IN_HURRICAN, ENDSTELLEN_TYP, ACCOUNT_VORS, LI_NR, VPN_PHYSIK, IS_PARENT,
	CHECK_CHILD, VERTEILUNG_DURCH, GUELTIG_VON, GUELTIG_BIS, EXPORT) 
	VALUES (335, 18, '204020', 'DSL ISDN', 52, null, 1, 1, 0, 'PV', 1, 1, '335', 1, 0, 1, null, 0, 0, 0, 0, 4, '2006-03-01', '2200-01-01', 1);
INSERT INTO T_PRODUKT_2_SCHNITTSTELLE (PROD_ID, SCHNITTSTELLE_ID) VALUES (335, 22);
INSERT INTO T_BA_VERL_AEND_PROD_2_GRUPPE (PROD_ID, BA_VERL_AEND_GRUPPE_ID) VALUES (335, 1),(335,2),(335,4);
INSERT INTO T_SPERRE_VERTEILUNG (PROD_ID, ABTEILUNG_ID) VALUES (335,3);
INSERT INTO T_PRODUKT_2_PHYSIKTYP (PROD_ID, PHYSIKTYP) VALUES (335,1),(335,501);

-- ISDN MSN
INSERT INTO T_PRODUKT (PROD_ID, PRODUKTGRUPPE_ID, PRODUKT_NR, ANSCHLUSSART, LEITUNGSART, UPSTREAM, AKTIONS_ID,
	BRAUCHT_DN, AUFTRAGSERSTELLUNG, LTGNR_VORS, LTGNR_ANLEGEN, BRAUCHT_BUENDEL, PROD_ID_TEXT,
	ELVERLAUF, ABRECHNUNG_IN_HURRICAN, ENDSTELLEN_TYP, ACCOUNT_VORS, LI_NR, VPN_PHYSIK, IS_PARENT,
	CHECK_CHILD, VERTEILUNG_DURCH, GUELTIG_VON, GUELTIG_BIS, EXPORT) 
	VALUES (336, 18, '204020', 'ISDN MSN', 52, null, 1, 1, 0, 'PV', 1, 0, '336', 1, 0, 1, null, 0, 1, 0, 0, 4, '2006-03-01', '2200-01-01', 1);
INSERT INTO T_PRODUKT_2_SCHNITTSTELLE (PROD_ID, SCHNITTSTELLE_ID) VALUES (336, 18);
INSERT INTO T_BA_VERL_AEND_PROD_2_GRUPPE (PROD_ID, BA_VERL_AEND_GRUPPE_ID) VALUES (336, 1),(336,2),(336,4);
INSERT INTO T_SPERRE_VERTEILUNG (PROD_ID, ABTEILUNG_ID) VALUES (336,3);
INSERT INTO T_PRODUKT_2_PHYSIKTYP (PROD_ID, PHYSIKTYP) VALUES (336,1),(336,501);

-- ISDN TK
INSERT INTO T_PRODUKT (PROD_ID, PRODUKTGRUPPE_ID, PRODUKT_NR, ANSCHLUSSART, LEITUNGSART, UPSTREAM, AKTIONS_ID,
	BRAUCHT_DN, AUFTRAGSERSTELLUNG, LTGNR_VORS, LTGNR_ANLEGEN, BRAUCHT_BUENDEL, PROD_ID_TEXT,
	ELVERLAUF, ABRECHNUNG_IN_HURRICAN, ENDSTELLEN_TYP, ACCOUNT_VORS, LI_NR, VPN_PHYSIK, IS_PARENT,
	CHECK_CHILD, VERTEILUNG_DURCH, GUELTIG_VON, GUELTIG_BIS, EXPORT) 
	VALUES (337, 18, '204020', 'ISDN TK', 52, null, 1, 1, 0, 'PV', 1, 0, '337', 1, 0, 1, null, 0, 1, 0, 0, 4, '2006-03-01', '2200-01-01', 1);
INSERT INTO T_PRODUKT_2_SCHNITTSTELLE (PROD_ID, SCHNITTSTELLE_ID) VALUES (337, 18);
INSERT INTO T_BA_VERL_AEND_PROD_2_GRUPPE (PROD_ID, BA_VERL_AEND_GRUPPE_ID) VALUES (337, 1),(337,2),(337,4);
INSERT INTO T_SPERRE_VERTEILUNG (PROD_ID, ABTEILUNG_ID) VALUES (337,3);
INSERT INTO T_PRODUKT_2_PHYSIKTYP (PROD_ID, PHYSIKTYP) VALUES (337,1),(337,501);

-- ISDN PMX
INSERT INTO T_PRODUKT (PROD_ID, PRODUKTGRUPPE_ID, PRODUKT_NR, ANSCHLUSSART, LEITUNGSART, UPSTREAM, AKTIONS_ID,
	BRAUCHT_DN, AUFTRAGSERSTELLUNG, LTGNR_VORS, LTGNR_ANLEGEN, BRAUCHT_BUENDEL, PROD_ID_TEXT,
	ELVERLAUF, ABRECHNUNG_IN_HURRICAN, ENDSTELLEN_TYP, ACCOUNT_VORS, LI_NR, VPN_PHYSIK, IS_PARENT,
	CHECK_CHILD, VERTEILUNG_DURCH, GUELTIG_VON, GUELTIG_BIS, EXPORT) 
	VALUES (338, 18, '204020', 'ISDN PMX', 15, null, 1, 1, 0, 'PV', 1, 0, '338', 1, 0, 2, null, 0, 0, 0, 0, 11, '2006-03-01', '2200-01-01', 1);
INSERT INTO T_PRODUKT_2_SCHNITTSTELLE (PROD_ID, SCHNITTSTELLE_ID) VALUES (338, 11);
INSERT INTO T_BA_VERL_AEND_PROD_2_GRUPPE (PROD_ID, BA_VERL_AEND_GRUPPE_ID) VALUES (338, 1),(338,2),(338,4);
INSERT INTO T_SPERRE_VERTEILUNG (PROD_ID, ABTEILUNG_ID) VALUES (338,3);
INSERT INTO T_PRODUKT_2_PHYSIKTYP (PROD_ID, PHYSIKTYP) VALUES (338,2);

