--
-- Produkt-Konfiguration fuer Kombi-Produkte - BEISPIELE!!!
--

INSERT INTO T_PRODUKT (PROD_ID, PRODUKTGRUPPE_ID, PRODUKT_NR, ANSCHLUSSART, LEITUNGSART, AKTIONS_ID,
	BRAUCHT_DN, AUFTRAGSERSTELLUNG, LTGNR_VORS, LTGNR_ANLEGEN, BRAUCHT_BUENDEL, EXT_PRODUKT__NO,
	ELVERLAUF, ABRECHNUNG_IN_HURRICAN, ENDSTELLEN_TYP, ACCOUNT_VORS, LI_NR, VPN_PHYSIK, IS_PARENT,
	CHECK_CHILD, IS_COMBI_PRODUKT, VERTEILUNG_DURCH, GUELTIG_VON, GUELTIG_BIS) 
	VALUES (500, 17, '', 'M-net DSL a/b', null, 1, 1, 0, 'DV', 1, 0, '500', 
	1, 0, 1, 'mnet', 1, 1, 0, 0, 1, 4, '2006-03-01', '2200-01-01');
INSERT INTO T_PRODUKT_2_SCHNITTSTELLE (PROD_ID, SCHNITTSTELLE_ID) VALUES (500, 8);
INSERT INTO T_SPERRE_VERTEILUNG (PROD_ID, ABTEILUNG_ID) VALUES (500,2);
INSERT INTO T_SPERRE_VERTEILUNG (PROD_ID, ABTEILUNG_ID) VALUES (500,3);
INSERT INTO T_PRODUKT_2_PHYSIKTYP (PROD_ID, PHYSIKTYP, PHYSIKTYP_ADDITIONAL) 
	VALUES (500,7,12),(500,507,512),(500,513,512);
INSERT INTO T_PROD_2_TECH_LS (PROD_ID, TECH_LS_ID, IS_DEFAULT) VALUES (500,13,1);
INSERT INTO T_BA_VERL_NEU (PROD_ID, EWSD, SDH, SCT, IPS) VALUES (500,1,1,0,1);

INSERT INTO T_PRODUKT (PROD_ID, PRODUKTGRUPPE_ID, PRODUKT_NR, ANSCHLUSSART, LEITUNGSART, AKTIONS_ID,
	BRAUCHT_DN, AUFTRAGSERSTELLUNG, LTGNR_VORS, LTGNR_ANLEGEN, BRAUCHT_BUENDEL, EXT_PRODUKT__NO,
	ELVERLAUF, ABRECHNUNG_IN_HURRICAN, ENDSTELLEN_TYP, ACCOUNT_VORS, LI_NR, VPN_PHYSIK, IS_PARENT,
	CHECK_CHILD, IS_COMBI_PRODUKT, VERTEILUNG_DURCH, GUELTIG_VON, GUELTIG_BIS) 
	VALUES (505, 17, '', 'M-net DSL ISDN', null, 1, 1, 0, 'DV', 1, 0, '505', 
	1, 0, 1, 'mnet', 1, 1, 0, 0, 1, 4, '2006-03-01', '2200-01-01');
INSERT INTO T_PRODUKT_2_SCHNITTSTELLE (PROD_ID, SCHNITTSTELLE_ID) VALUES (505, 8);
INSERT INTO T_SPERRE_VERTEILUNG (PROD_ID, ABTEILUNG_ID) VALUES (505,2);
INSERT INTO T_SPERRE_VERTEILUNG (PROD_ID, ABTEILUNG_ID) VALUES (505,3);
INSERT INTO T_PRODUKT_2_PHYSIKTYP (PROD_ID, PHYSIKTYP, PHYSIKTYP_ADDITIONAL) 
	VALUES (505,7,8),(505,507,508),(505,513,508);
INSERT INTO T_PROD_2_TECH_LS (PROD_ID, TECH_LS_ID, IS_DEFAULT) VALUES (505,13,1);
INSERT INTO T_BA_VERL_NEU (PROD_ID, EWSD, SDH, SCT, IPS) VALUES (505,1,1,0,1);

-- TODO: Rangierungsmatrix ueber GUI anlegen
