--
-- SQL-Script, um das neue Connect-Produkt in Hurrican anzulegen
-- (inkl. notwendiger techn. Leistungen)
--

-- neue technische Leistungen anlegen
insert into t_tech_leistung (ID, NAME, EXTERN_LEISTUNG__NO, TYP, LONG_VALUE, STR_VALUE,
	DISPO, EWSD, SDH, IPS, SCT, CHECK_QUANTITY, SNAPSHOT_REL, GUELTIG_VON, GUELTIG_BIS) 
	values (200, '< 2 Mbit/s', '30100', 'CONNECT_LEITUNG', null, null,
	1, 0, 1, 0, 0, 1, 1, '1996-01-01', '2200-01-01');
insert into t_tech_leistung (ID, NAME, EXTERN_LEISTUNG__NO, TYP, LONG_VALUE, STR_VALUE,
	DISPO, EWSD, SDH, IPS, SCT, CHECK_QUANTITY, SNAPSHOT_REL, GUELTIG_VON, GUELTIG_BIS) 
	values (201, '10/100BASE-T, 6Mbit/s', '30101', 'CONNECT_LEITUNG', null, null,
	1, 0, 1, 0, 0, 1, 1, '1996-01-01', '2200-01-01');
insert into t_tech_leistung (ID, NAME, EXTERN_LEISTUNG__NO, TYP, LONG_VALUE, STR_VALUE,
	DISPO, EWSD, SDH, IPS, SCT, CHECK_QUANTITY, SNAPSHOT_REL, GUELTIG_VON, GUELTIG_BIS) 
	values (202, '10/100BASE-T, 10Mbit/s', '30102', 'CONNECT_LEITUNG', null, null,
	1, 0, 1, 0, 0, 1, 1, '1996-01-01', '2200-01-01');
insert into t_tech_leistung (ID, NAME, EXTERN_LEISTUNG__NO, TYP, LONG_VALUE, STR_VALUE,
	DISPO, EWSD, SDH, IPS, SCT, CHECK_QUANTITY, SNAPSHOT_REL, GUELTIG_VON, GUELTIG_BIS) 
	values (203, '10/100BASE-T, 2Mbit/s', '30103', 'CONNECT_LEITUNG', null, null,
	1, 0, 1, 0, 0, 1, 1, '1996-01-01', '2200-01-01');
insert into t_tech_leistung (ID, NAME, EXTERN_LEISTUNG__NO, TYP, LONG_VALUE, STR_VALUE,
	DISPO, EWSD, SDH, IPS, SCT, CHECK_QUANTITY, SNAPSHOT_REL, GUELTIG_VON, GUELTIG_BIS) 
	values (204, '10/100BASE-T, 4Mbit/s', '30104', 'CONNECT_LEITUNG', null, null,
	1, 0, 1, 0, 0, 1, 1, '1996-01-01', '2200-01-01');
insert into t_tech_leistung (ID, NAME, EXTERN_LEISTUNG__NO, TYP, LONG_VALUE, STR_VALUE,
	DISPO, EWSD, SDH, IPS, SCT, CHECK_QUANTITY, SNAPSHOT_REL, GUELTIG_VON, GUELTIG_BIS) 
	values (205, '10/100BASE-T, 8Mbit/s', '30105', 'CONNECT_LEITUNG', null, null,
	1, 0, 1, 0, 0, 1, 1, '1996-01-01', '2200-01-01');
insert into t_tech_leistung (ID, NAME, EXTERN_LEISTUNG__NO, TYP, LONG_VALUE, STR_VALUE,
	DISPO, EWSD, SDH, IPS, SCT, CHECK_QUANTITY, SNAPSHOT_REL, GUELTIG_VON, GUELTIG_BIS) 
	values (206, '10/100BASE-T, 6Mbit/s', '30106', 'CONNECT_LEITUNG', null, null,
	1, 0, 1, 0, 0, 1, 1, '1996-01-01', '2200-01-01');
insert into t_tech_leistung (ID, NAME, EXTERN_LEISTUNG__NO, TYP, LONG_VALUE, STR_VALUE,
	DISPO, EWSD, SDH, IPS, SCT, CHECK_QUANTITY, SNAPSHOT_REL, GUELTIG_VON, GUELTIG_BIS) 
	values (207, '1000BASE-X, 100 Mbit/s', '30107', 'CONNECT_LEITUNG', null, null,
	1, 0, 1, 0, 0, 1, 1, '1996-01-01', '2200-01-01');
insert into t_tech_leistung (ID, NAME, EXTERN_LEISTUNG__NO, TYP, LONG_VALUE, STR_VALUE,
	DISPO, EWSD, SDH, IPS, SCT, CHECK_QUANTITY, SNAPSHOT_REL, GUELTIG_VON, GUELTIG_BIS) 
	values (208, '1000BASE-X, 1000 Mbit/s', '30108', 'CONNECT_LEITUNG', null, null,
	1, 0, 1, 0, 0, 1, 1, '1996-01-01', '2200-01-01');
insert into t_tech_leistung (ID, NAME, EXTERN_LEISTUNG__NO, TYP, LONG_VALUE, STR_VALUE,
	DISPO, EWSD, SDH, IPS, SCT, CHECK_QUANTITY, SNAPSHOT_REL, GUELTIG_VON, GUELTIG_BIS) 
	values (209, '1000BASE-X, 1000Mbit/s, unmanaged', '30109', 'CONNECT_LEITUNG', null, null,
	1, 0, 1, 0, 0, 1, 1, '1996-01-01', '2200-01-01');
insert into t_tech_leistung (ID, NAME, EXTERN_LEISTUNG__NO, TYP, LONG_VALUE, STR_VALUE,
	DISPO, EWSD, SDH, IPS, SCT, CHECK_QUANTITY, SNAPSHOT_REL, GUELTIG_VON, GUELTIG_BIS) 
	values (210, '1000BASE-X, 250 Mbit/s', '30110', 'CONNECT_LEITUNG', null, null,
	1, 0, 1, 0, 0, 1, 1, '1996-01-01', '2200-01-01');
insert into t_tech_leistung (ID, NAME, EXTERN_LEISTUNG__NO, TYP, LONG_VALUE, STR_VALUE,
	DISPO, EWSD, SDH, IPS, SCT, CHECK_QUANTITY, SNAPSHOT_REL, GUELTIG_VON, GUELTIG_BIS) 
	values (211, '1000BASE-X, 500 Mbit/s', '30111', 'CONNECT_LEITUNG', null, null,
	1, 0, 1, 0, 0, 1, 1, '1996-01-01', '2200-01-01');
insert into t_tech_leistung (ID, NAME, EXTERN_LEISTUNG__NO, TYP, LONG_VALUE, STR_VALUE,
	DISPO, EWSD, SDH, IPS, SCT, CHECK_QUANTITY, SNAPSHOT_REL, GUELTIG_VON, GUELTIG_BIS) 
	values (212, '100BASE-X, 10 Mbit/s', '30112', 'CONNECT_LEITUNG', null, null,
	1, 0, 1, 0, 0, 1, 1, '1996-01-01', '2200-01-01');
insert into t_tech_leistung (ID, NAME, EXTERN_LEISTUNG__NO, TYP, LONG_VALUE, STR_VALUE,
	DISPO, EWSD, SDH, IPS, SCT, CHECK_QUANTITY, SNAPSHOT_REL, GUELTIG_VON, GUELTIG_BIS) 
	values (213, '100BASE-X, 100 Mbit/s', '30113', 'CONNECT_LEITUNG', null, null,
	1, 0, 1, 0, 0, 1, 1, '1996-01-01', '2200-01-01');
insert into t_tech_leistung (ID, NAME, EXTERN_LEISTUNG__NO, TYP, LONG_VALUE, STR_VALUE,
	DISPO, EWSD, SDH, IPS, SCT, CHECK_QUANTITY, SNAPSHOT_REL, GUELTIG_VON, GUELTIG_BIS) 
	values (214, '100BASE-X, 100Mbit/s, unmanaged', '30114', 'CONNECT_LEITUNG', null, null,
	1, 0, 1, 0, 0, 1, 1, '1996-01-01', '2200-01-01');
insert into t_tech_leistung (ID, NAME, EXTERN_LEISTUNG__NO, TYP, LONG_VALUE, STR_VALUE,
	DISPO, EWSD, SDH, IPS, SCT, CHECK_QUANTITY, SNAPSHOT_REL, GUELTIG_VON, GUELTIG_BIS) 
	values (215, '100BASE-X, 25 Mbit/s', '30115', 'CONNECT_LEITUNG', null, null,
	1, 0, 1, 0, 0, 1, 1, '1996-01-01', '2200-01-01');
insert into t_tech_leistung (ID, NAME, EXTERN_LEISTUNG__NO, TYP, LONG_VALUE, STR_VALUE,
	DISPO, EWSD, SDH, IPS, SCT, CHECK_QUANTITY, SNAPSHOT_REL, GUELTIG_VON, GUELTIG_BIS) 
	values (216, '100BASE-X, 50 Mbit/s', '30116', 'CONNECT_LEITUNG', null, null,
	1, 0, 1, 0, 0, 1, 1, '1996-01-01', '2200-01-01');
insert into t_tech_leistung (ID, NAME, EXTERN_LEISTUNG__NO, TYP, LONG_VALUE, STR_VALUE,
	DISPO, EWSD, SDH, IPS, SCT, CHECK_QUANTITY, SNAPSHOT_REL, GUELTIG_VON, GUELTIG_BIS) 
	values (217, '10BASE-T, 10Mbit/s, unmanaged', '30117', 'CONNECT_LEITUNG', null, null,
	1, 0, 1, 0, 0, 1, 1, '1996-01-01', '2200-01-01');
insert into t_tech_leistung (ID, NAME, EXTERN_LEISTUNG__NO, TYP, LONG_VALUE, STR_VALUE,
	DISPO, EWSD, SDH, IPS, SCT, CHECK_QUANTITY, SNAPSHOT_REL, GUELTIG_VON, GUELTIG_BIS) 
	values (218, '155 Mbit/s (STM-1), fraktioniert VC12 / VC3', '30118', 'CONNECT_LEITUNG', null, null,
	1, 0, 1, 0, 0, 1, 1, '1996-01-01', '2200-01-01');
insert into t_tech_leistung (ID, NAME, EXTERN_LEISTUNG__NO, TYP, LONG_VALUE, STR_VALUE,
	DISPO, EWSD, SDH, IPS, SCT, CHECK_QUANTITY, SNAPSHOT_REL, GUELTIG_VON, GUELTIG_BIS) 
	values (219, '155 Mbit/s (STM-1), G.703', '30119', 'CONNECT_LEITUNG', null, null,
	1, 0, 1, 0, 0, 1, 1, '1996-01-01', '2200-01-01');
insert into t_tech_leistung (ID, NAME, EXTERN_LEISTUNG__NO, TYP, LONG_VALUE, STR_VALUE,
	DISPO, EWSD, SDH, IPS, SCT, CHECK_QUANTITY, SNAPSHOT_REL, GUELTIG_VON, GUELTIG_BIS) 
	values (220, '155 Mbit/s (STM-1), G.957', '30120', 'CONNECT_LEITUNG', null, null,
	1, 0, 1, 0, 0, 1, 1, '1996-01-01', '2200-01-01');
insert into t_tech_leistung (ID, NAME, EXTERN_LEISTUNG__NO, TYP, LONG_VALUE, STR_VALUE,
	DISPO, EWSD, SDH, IPS, SCT, CHECK_QUANTITY, SNAPSHOT_REL, GUELTIG_VON, GUELTIG_BIS) 
	values (221, '2 Mbit/s, G.703', '30121', 'CONNECT_LEITUNG', null, null,
	1, 0, 1, 0, 0, 1, 1, '1996-01-01', '2200-01-01');
insert into t_tech_leistung (ID, NAME, EXTERN_LEISTUNG__NO, TYP, LONG_VALUE, STR_VALUE,
	DISPO, EWSD, SDH, IPS, SCT, CHECK_QUANTITY, SNAPSHOT_REL, GUELTIG_VON, GUELTIG_BIS) 
	values (222, '2 Mbit/s, G.704', '30122', 'CONNECT_LEITUNG', null, null,
	1, 0, 1, 0, 0, 1, 1, '1996-01-01', '2200-01-01');
insert into t_tech_leistung (ID, NAME, EXTERN_LEISTUNG__NO, TYP, LONG_VALUE, STR_VALUE,
	DISPO, EWSD, SDH, IPS, SCT, CHECK_QUANTITY, SNAPSHOT_REL, GUELTIG_VON, GUELTIG_BIS) 
	values (223, '2 Mbit/s, X.21', '30123', 'CONNECT_LEITUNG', null, null,
	1, 0, 1, 0, 0, 1, 1, '1996-01-01', '2200-01-01');
insert into t_tech_leistung (ID, NAME, EXTERN_LEISTUNG__NO, TYP, LONG_VALUE, STR_VALUE,
	DISPO, EWSD, SDH, IPS, SCT, CHECK_QUANTITY, SNAPSHOT_REL, GUELTIG_VON, GUELTIG_BIS) 
	values (224, '2500 Mbit/s (STM-16)', '30124', 'CONNECT_LEITUNG', null, null,
	1, 0, 1, 0, 0, 1, 1, '1996-01-01', '2200-01-01');
insert into t_tech_leistung (ID, NAME, EXTERN_LEISTUNG__NO, TYP, LONG_VALUE, STR_VALUE,
	DISPO, EWSD, SDH, IPS, SCT, CHECK_QUANTITY, SNAPSHOT_REL, GUELTIG_VON, GUELTIG_BIS) 
	values (225, '2500 Mbit/s (STM-16) concatenation', '30125', 'CONNECT_LEITUNG', null, null,
	1, 0, 1, 0, 0, 1, 1, '1996-01-01', '2200-01-01');
insert into t_tech_leistung (ID, NAME, EXTERN_LEISTUNG__NO, TYP, LONG_VALUE, STR_VALUE,
	DISPO, EWSD, SDH, IPS, SCT, CHECK_QUANTITY, SNAPSHOT_REL, GUELTIG_VON, GUELTIG_BIS) 
	values (226, '2500 Mbit/s (STM-16), fractional 155Mbit/s', '30126', 'CONNECT_LEITUNG', null, null,
	1, 0, 1, 0, 0, 1, 1, '1996-01-01', '2200-01-01');
insert into t_tech_leistung (ID, NAME, EXTERN_LEISTUNG__NO, TYP, LONG_VALUE, STR_VALUE,
	DISPO, EWSD, SDH, IPS, SCT, CHECK_QUANTITY, SNAPSHOT_REL, GUELTIG_VON, GUELTIG_BIS) 
	values (227, '2500 Mbit/s (STM-16), fractional 622Mbit/s', '30127', 'CONNECT_LEITUNG', null, null,
	1, 0, 1, 0, 0, 1, 1, '1996-01-01', '2200-01-01');
insert into t_tech_leistung (ID, NAME, EXTERN_LEISTUNG__NO, TYP, LONG_VALUE, STR_VALUE,
	DISPO, EWSD, SDH, IPS, SCT, CHECK_QUANTITY, SNAPSHOT_REL, GUELTIG_VON, GUELTIG_BIS) 
	values (228, '2500 Mbit/s (STM-16), fraktioniert VC12 / VC3', '30128', 'CONNECT_LEITUNG', null, null,
	1, 0, 1, 0, 0, 1, 1, '1996-01-01', '2200-01-01');
insert into t_tech_leistung (ID, NAME, EXTERN_LEISTUNG__NO, TYP, LONG_VALUE, STR_VALUE,
	DISPO, EWSD, SDH, IPS, SCT, CHECK_QUANTITY, SNAPSHOT_REL, GUELTIG_VON, GUELTIG_BIS) 
	values (229, '34 Mbit/s', '30129', 'CONNECT_LEITUNG', null, null,
	1, 0, 1, 0, 0, 1, 1, '1996-01-01', '2200-01-01');
insert into t_tech_leistung (ID, NAME, EXTERN_LEISTUNG__NO, TYP, LONG_VALUE, STR_VALUE,
	DISPO, EWSD, SDH, IPS, SCT, CHECK_QUANTITY, SNAPSHOT_REL, GUELTIG_VON, GUELTIG_BIS) 
	values (230, '34 Mbit/s, fractional (2Mbit/s)', '30130', 'CONNECT_LEITUNG', null, null,
	1, 0, 1, 0, 0, 1, 1, '1996-01-01', '2200-01-01');
insert into t_tech_leistung (ID, NAME, EXTERN_LEISTUNG__NO, TYP, LONG_VALUE, STR_VALUE,
	DISPO, EWSD, SDH, IPS, SCT, CHECK_QUANTITY, SNAPSHOT_REL, GUELTIG_VON, GUELTIG_BIS) 
	values (231, '45 Mbit/s', '30131', 'CONNECT_LEITUNG', null, null,
	1, 0, 1, 0, 0, 1, 1, '1996-01-01', '2200-01-01');
insert into t_tech_leistung (ID, NAME, EXTERN_LEISTUNG__NO, TYP, LONG_VALUE, STR_VALUE,
	DISPO, EWSD, SDH, IPS, SCT, CHECK_QUANTITY, SNAPSHOT_REL, GUELTIG_VON, GUELTIG_BIS) 
	values (232, '45 Mbit/s, fractional (2Mbit/s)', '30132', 'CONNECT_LEITUNG', null, null,
	1, 0, 1, 0, 0, 1, 1, '1996-01-01', '2200-01-01');
insert into t_tech_leistung (ID, NAME, EXTERN_LEISTUNG__NO, TYP, LONG_VALUE, STR_VALUE,
	DISPO, EWSD, SDH, IPS, SCT, CHECK_QUANTITY, SNAPSHOT_REL, GUELTIG_VON, GUELTIG_BIS) 
	values (233, '622 Mbit/s (STM-4)', '30133', 'CONNECT_LEITUNG', null, null,
	1, 0, 1, 0, 0, 1, 1, '1996-01-01', '2200-01-01');
insert into t_tech_leistung (ID, NAME, EXTERN_LEISTUNG__NO, TYP, LONG_VALUE, STR_VALUE,
	DISPO, EWSD, SDH, IPS, SCT, CHECK_QUANTITY, SNAPSHOT_REL, GUELTIG_VON, GUELTIG_BIS) 
	values (234, '622 Mbit/s (STM-4) concatenation', '30134', 'CONNECT_LEITUNG', null, null,
	1, 0, 1, 0, 0, 1, 1, '1996-01-01', '2200-01-01');
insert into t_tech_leistung (ID, NAME, EXTERN_LEISTUNG__NO, TYP, LONG_VALUE, STR_VALUE,
	DISPO, EWSD, SDH, IPS, SCT, CHECK_QUANTITY, SNAPSHOT_REL, GUELTIG_VON, GUELTIG_BIS) 
	values (235, '622 Mbit/s (STM-4), fractional 155Mbit/s', '30135', 'CONNECT_LEITUNG', null, null,
	1, 0, 1, 0, 0, 1, 1, '1996-01-01', '2200-01-01');
insert into t_tech_leistung (ID, NAME, EXTERN_LEISTUNG__NO, TYP, LONG_VALUE, STR_VALUE,
	DISPO, EWSD, SDH, IPS, SCT, CHECK_QUANTITY, SNAPSHOT_REL, GUELTIG_VON, GUELTIG_BIS) 
	values (236, '622 Mbit/s, (STM-4), fraktioniert VC12 / VC3', '30136', 'CONNECT_LEITUNG', null, null,
	1, 0, 1, 0, 0, 1, 1, '1996-01-01', '2200-01-01');
insert into t_tech_leistung (ID, NAME, EXTERN_LEISTUNG__NO, TYP, LONG_VALUE, STR_VALUE,
	DISPO, EWSD, SDH, IPS, SCT, CHECK_QUANTITY, SNAPSHOT_REL, GUELTIG_VON, GUELTIG_BIS) 
	values (237, 'DWDM', '30137', 'CONNECT_LEITUNG', null, null,
	1, 0, 1, 0, 0, 1, 1, '1996-01-01', '2200-01-01');
insert into t_tech_leistung (ID, NAME, EXTERN_LEISTUNG__NO, TYP, LONG_VALUE, STR_VALUE,
	DISPO, EWSD, SDH, IPS, SCT, CHECK_QUANTITY, SNAPSHOT_REL, GUELTIG_VON, GUELTIG_BIS) 
	values (238, 'FibreChannel, 1 Gbit/s, Multimode', '30138', 'CONNECT_LEITUNG', null, null,
	1, 0, 1, 0, 0, 1, 1, '1996-01-01', '2200-01-01');
insert into t_tech_leistung (ID, NAME, EXTERN_LEISTUNG__NO, TYP, LONG_VALUE, STR_VALUE,
	DISPO, EWSD, SDH, IPS, SCT, CHECK_QUANTITY, SNAPSHOT_REL, GUELTIG_VON, GUELTIG_BIS) 
	values (239, 'FibreChannel, 1 Gbit/s, Singlemode', '30139', 'CONNECT_LEITUNG', null, null,
	1, 0, 1, 0, 0, 1, 1, '1996-01-01', '2200-01-01');
insert into t_tech_leistung (ID, NAME, EXTERN_LEISTUNG__NO, TYP, LONG_VALUE, STR_VALUE,
	DISPO, EWSD, SDH, IPS, SCT, CHECK_QUANTITY, SNAPSHOT_REL, GUELTIG_VON, GUELTIG_BIS) 
	values (240, 'FibreChannel, 2 Gbit/s, Multimode', '30140', 'CONNECT_LEITUNG', null, null,
	1, 0, 1, 0, 0, 1, 1, '1996-01-01', '2200-01-01');
insert into t_tech_leistung (ID, NAME, EXTERN_LEISTUNG__NO, TYP, LONG_VALUE, STR_VALUE,
	DISPO, EWSD, SDH, IPS, SCT, CHECK_QUANTITY, SNAPSHOT_REL, GUELTIG_VON, GUELTIG_BIS) 
	values (241, 'FibreChannel, 2 Gbit/s, Singlemode', '30141', 'CONNECT_LEITUNG', null, null,
	1, 0, 1, 0, 0, 1, 1, '1996-01-01', '2200-01-01');
insert into t_tech_leistung (ID, NAME, EXTERN_LEISTUNG__NO, TYP, LONG_VALUE, STR_VALUE,
	DISPO, EWSD, SDH, IPS, SCT, CHECK_QUANTITY, SNAPSHOT_REL, GUELTIG_VON, GUELTIG_BIS) 
	values (242, 'FibreChannel, 4 Gbit/s, Multimode', '30142', 'CONNECT_LEITUNG', null, null,
	1, 0, 1, 0, 0, 1, 1, '1996-01-01', '2200-01-01');
insert into t_tech_leistung (ID, NAME, EXTERN_LEISTUNG__NO, TYP, LONG_VALUE, STR_VALUE,
	DISPO, EWSD, SDH, IPS, SCT, CHECK_QUANTITY, SNAPSHOT_REL, GUELTIG_VON, GUELTIG_BIS) 
	values (243, 'FibreChannel, 4 Gbit/s, Singlemode', '30143', 'CONNECT_LEITUNG', null, null,
	1, 0, 1, 0, 0, 1, 1, '1996-01-01', '2200-01-01');
insert into t_tech_leistung (ID, NAME, EXTERN_LEISTUNG__NO, TYP, LONG_VALUE, STR_VALUE,
	DISPO, EWSD, SDH, IPS, SCT, CHECK_QUANTITY, SNAPSHOT_REL, GUELTIG_VON, GUELTIG_BIS) 
	values (244, 'Dark Copper', '30144', 'CONNECT_LEITUNG', null, null,
	1, 0, 1, 0, 0, 1, 1, '1996-01-01', '2200-01-01');
insert into t_tech_leistung (ID, NAME, EXTERN_LEISTUNG__NO, TYP, LONG_VALUE, STR_VALUE,
	DISPO, EWSD, SDH, IPS, SCT, CHECK_QUANTITY, SNAPSHOT_REL, GUELTIG_VON, GUELTIG_BIS) 
	values (245, 'Dark Fiber', '30145', 'CONNECT_LEITUNG', null, null,
	1, 0, 1, 0, 0, 1, 1, '1996-01-01', '2200-01-01');

insert into t_tech_leistung (ID, NAME, EXTERN_LEISTUNG__NO, TYP, LONG_VALUE, STR_VALUE,
	DISPO, EWSD, SDH, IPS, SCT, CHECK_QUANTITY, SNAPSHOT_REL, GUELTIG_VON, GUELTIG_BIS) 
	values (246, 'Direct Access 2 MBit/s', '30146', 'CONNECT_LEITUNG', null, null,
	1, 0, 1, 0, 0, 1, 1, '1996-01-01', '2200-01-01');
insert into t_tech_leistung (ID, NAME, EXTERN_LEISTUNG__NO, TYP, LONG_VALUE, STR_VALUE,
	DISPO, EWSD, SDH, IPS, SCT, CHECK_QUANTITY, SNAPSHOT_REL, GUELTIG_VON, GUELTIG_BIS) 
	values (247, 'Direct Access 4 MBit/s', '30147', 'CONNECT_LEITUNG', null, null,
	1, 0, 1, 0, 0, 1, 1, '1996-01-01', '2200-01-01');
insert into t_tech_leistung (ID, NAME, EXTERN_LEISTUNG__NO, TYP, LONG_VALUE, STR_VALUE,
	DISPO, EWSD, SDH, IPS, SCT, CHECK_QUANTITY, SNAPSHOT_REL, GUELTIG_VON, GUELTIG_BIS) 
	values (248, 'Direct Access 6 MBit/s', '30148', 'CONNECT_LEITUNG', null, null,
	1, 0, 1, 0, 0, 1, 1, '1996-01-01', '2200-01-01');
insert into t_tech_leistung (ID, NAME, EXTERN_LEISTUNG__NO, TYP, LONG_VALUE, STR_VALUE,
	DISPO, EWSD, SDH, IPS, SCT, CHECK_QUANTITY, SNAPSHOT_REL, GUELTIG_VON, GUELTIG_BIS) 
	values (249, 'Direct Access 8 MBit/s', '30149', 'CONNECT_LEITUNG', null, null,
	1, 0, 1, 0, 0, 1, 1, '1996-01-01', '2200-01-01');
insert into t_tech_leistung (ID, NAME, EXTERN_LEISTUNG__NO, TYP, LONG_VALUE, STR_VALUE,
	DISPO, EWSD, SDH, IPS, SCT, CHECK_QUANTITY, SNAPSHOT_REL, GUELTIG_VON, GUELTIG_BIS) 
	values (250, 'Direct Access 10 MBit/s', '30150', 'CONNECT_LEITUNG', null, null,
	1, 0, 1, 0, 0, 1, 1, '1996-01-01', '2200-01-01');
insert into t_tech_leistung (ID, NAME, EXTERN_LEISTUNG__NO, TYP, LONG_VALUE, STR_VALUE,
	DISPO, EWSD, SDH, IPS, SCT, CHECK_QUANTITY, SNAPSHOT_REL, GUELTIG_VON, GUELTIG_BIS) 
	values (251, 'Direct Access 34 MBit/s', '30151', 'CONNECT_LEITUNG', null, null,
	1, 0, 1, 0, 0, 1, 1, '1996-01-01', '2200-01-01');
insert into t_tech_leistung (ID, NAME, EXTERN_LEISTUNG__NO, TYP, LONG_VALUE, STR_VALUE,
	DISPO, EWSD, SDH, IPS, SCT, CHECK_QUANTITY, SNAPSHOT_REL, GUELTIG_VON, GUELTIG_BIS) 
	values (252, 'Direct Access 100 MBit/s', '30152', 'CONNECT_LEITUNG', null, null,
	1, 0, 1, 0, 0, 1, 1, '1996-01-01', '2200-01-01');


-- Check-Command und neue Chain fuer Verlauf anlegen 
insert into t_service_commands (ID, NAME, CLASS, TYPE, DESCRIPTION) 
	values (2011, 'verl.check.connect',
	'de.augustakom.hurrican.service.cc.impl.command.verlauf.CheckConnectDataCommand',
	'VERLAUF_CHECK', 'Command-Klasse, um Connect-Daten in einem Taifun-Auftrag zu ueberpruefen.');
insert into t_service_chain (ID, NAME, TYPE) 
    values (33, 'Connect-Check', 'VERLAUF_CHECK');
insert into t_service_command_mapping (COMMAND_ID, REF_ID, REF_CLASS, ORDER_NO) 
	values (2011, 33, 'de.augustakom.hurrican.model.cc.command.ServiceChain', 1);
insert into t_service_command_mapping (COMMAND_ID, REF_ID, REF_CLASS, ORDER_NO) 
	values (2008, 33, 'de.augustakom.hurrican.model.cc.command.ServiceChain', 2);

-- Konfiguration fuer Connect-Produkt
INSERT INTO T_PRODUKT (PROD_ID, PRODUKTGRUPPE_ID, PRODUKT_NR, ANSCHLUSSART, LEITUNGSART, PROD_NAME_PATTERN, AKTIONS_ID,
	BRAUCHT_DN, AUFTRAGSERSTELLUNG, LTGNR_VORS, LTGNR_ANLEGEN, BRAUCHT_BUENDEL, 
	ELVERLAUF, ABRECHNUNG_IN_HURRICAN, ENDSTELLEN_TYP, ACCOUNT_VORS, LI_NR, VPN_PHYSIK, IS_PARENT, PROJEKTIERUNG,
	CHECK_CHILD, VERTEILUNG_DURCH, EXPORT_KDP_M, AUTO_PRODUCT_CHANGE, IS_COMBI_PRODUKT, GUELTIG_VON, GUELTIG_BIS) 
	VALUES (450, 2, null, 'Connect', null, 'Connect', 1, 
	0, 0, 'FV', 1, 0, 
	1, 0, 2, 'co', 0, 1, 0, 1,
	0, 11, 0, 0, 0, '1996-01-01', '2200-01-01');
update t_produkt set VERLAUF_CHAIN_ID=33, VERLAUF_CANCEL_CHAIN_ID=15 where prod_id=450;	
INSERT INTO T_BA_VERL_AEND_PROD_2_GRUPPE (PROD_ID, BA_VERL_AEND_GRUPPE_ID) VALUES (450, 1),(450,2),(450,3);
INSERT INTO T_SPERRE_VERTEILUNG (PROD_ID, ABTEILUNG_ID) VALUES (450,1);
INSERT INTO T_PRODUKT_2_PHYSIKTYP (PROD_ID, PHYSIKTYP) VALUES (450,5),(450,4);
INSERT INTO T_PRODUKT_MAPPING (MAPPING_GROUP, EXT_PROD__NO, PROD_ID, MAPPING_PART_TYPE) VALUES (1020, 450, 450, 'connect');
INSERT INTO T_PROD_2_TECH_LEISTUNG (PROD_ID, TECH_LS_ID, TECH_LS_DEPENDENCY, IS_DEFAULT) 
	VALUES (450, 200, null, 0),(450, 218, null, 0),(450, 219, null, 0),(450, 220, null, 0)
	,(450, 221, null, 0),(450, 222, null, 0),(450, 223, null, 0),(450, 224, null, 0),(450, 225, null, 0)
	,(450, 226, null, 0),(450, 227, null, 0),(450, 228, null, 0),(450, 229, null, 0),(450, 230, null, 0)
	,(450, 231, null, 0),(450, 232, null, 0),(450, 233, null, 0),(450, 234, null, 0),(450, 235, null, 0)
	,(450, 236, null, 0),(450, 237, null, 0);
INSERT INTO T_BA_VERL_CONFIG (PROD_ID, ANLASS, ABT_CONFIG_ID, GUELTIG_VON, GUELTIG_BIS, USERW) 
	values (450, 27, 6, '2008-05-01', '2200-01-01', 'GLINKJO');

-- Konfiguration fuer ConnectLAN-Produkt
INSERT INTO T_PRODUKT (PROD_ID, PRODUKTGRUPPE_ID, PRODUKT_NR, ANSCHLUSSART, LEITUNGSART, PROD_NAME_PATTERN, AKTIONS_ID,
	BRAUCHT_DN, AUFTRAGSERSTELLUNG, LTGNR_VORS, LTGNR_ANLEGEN, BRAUCHT_BUENDEL, 
	ELVERLAUF, ABRECHNUNG_IN_HURRICAN, ENDSTELLEN_TYP, ACCOUNT_VORS, LI_NR, VPN_PHYSIK, IS_PARENT, PROJEKTIERUNG,
	CHECK_CHILD, VERTEILUNG_DURCH, EXPORT_KDP_M, AUTO_PRODUCT_CHANGE, IS_COMBI_PRODUKT, GUELTIG_VON, GUELTIG_BIS) 
	VALUES (451, 2, null, 'Connect-LAN', null, 'Connect-LAN', 1, 
	0, 0, 'FV', 1, 0, 
	1, 0, 2, 'co', 0, 1, 0, 1,
	0, 11, 0, 0, 0, '1996-01-01', '2200-01-01');
update t_produkt set VERLAUF_CHAIN_ID=33, VERLAUF_CANCEL_CHAIN_ID=15 where prod_id=451;	
INSERT INTO T_BA_VERL_AEND_PROD_2_GRUPPE (PROD_ID, BA_VERL_AEND_GRUPPE_ID) VALUES (451, 1),(451,2),(451,3);
INSERT INTO T_SPERRE_VERTEILUNG (PROD_ID, ABTEILUNG_ID) VALUES (451,1);
INSERT INTO T_PRODUKT_2_PHYSIKTYP (PROD_ID, PHYSIKTYP) VALUES (451,5),(451,4);
INSERT INTO T_PRODUKT_MAPPING (MAPPING_GROUP, EXT_PROD__NO, PROD_ID, MAPPING_PART_TYPE) VALUES (1021, 451, 451, 'connect');
INSERT INTO T_PROD_2_TECH_LEISTUNG (PROD_ID, TECH_LS_ID, TECH_LS_DEPENDENCY, IS_DEFAULT) 
	VALUES (451, 201, null, 0),(451, 202, null, 0),(451, 203, null, 0),(451, 204, null, 0)
	,(451, 205, null, 0),(451, 207, null, 0),(451, 208, null, 0),(451, 209, null, 0)
	,(451, 210, null, 0),(451, 211, null, 0),(451, 212, null, 0),(451, 213, null, 0),(451, 214, null, 0)
	,(451, 215, null, 0),(451, 216, null, 0),(451, 217, null, 0),(451, 238, null, 0),(451, 239, null, 0)
	,(451, 240, null, 0),(451, 241, null, 0),(451, 242, null, 0),(451, 243, null, 0);
INSERT INTO T_BA_VERL_CONFIG (PROD_ID, ANLASS, ABT_CONFIG_ID, GUELTIG_VON, GUELTIG_BIS, USERW) 
	values (451, 27, 6, '2008-05-01', '2200-01-01', 'GLINKJO');	
	
-- Konfiguration fuer MetroEthernet-Produkt
INSERT INTO T_PRODUKT (PROD_ID, PRODUKTGRUPPE_ID, PRODUKT_NR, ANSCHLUSSART, LEITUNGSART, PROD_NAME_PATTERN, AKTIONS_ID,
	BRAUCHT_DN, AUFTRAGSERSTELLUNG, LTGNR_VORS, LTGNR_ANLEGEN, BRAUCHT_BUENDEL, 
	ELVERLAUF, ABRECHNUNG_IN_HURRICAN, ENDSTELLEN_TYP, ACCOUNT_VORS, LI_NR, VPN_PHYSIK, IS_PARENT, PROJEKTIERUNG,
	CHECK_CHILD, VERTEILUNG_DURCH, EXPORT_KDP_M, AUTO_PRODUCT_CHANGE, IS_COMBI_PRODUKT, GUELTIG_VON, GUELTIG_BIS) 
	VALUES (452, 2, null, 'MetroEthernet', null, 'MetroEthernet', 1, 
	0, 0, 'FV', 1, 0, 
	1, 0, 2, 'co', 0, 1, 0, 1,
	0, 11, 0, 0, 0, '1996-01-01', '2200-01-01');
update t_produkt set VERLAUF_CHAIN_ID=33, VERLAUF_CANCEL_CHAIN_ID=15 where prod_id=452;	
INSERT INTO T_BA_VERL_AEND_PROD_2_GRUPPE (PROD_ID, BA_VERL_AEND_GRUPPE_ID) VALUES (452, 1),(452,2),(452,3);
INSERT INTO T_SPERRE_VERTEILUNG (PROD_ID, ABTEILUNG_ID) VALUES (452,1);
INSERT INTO T_PRODUKT_2_PHYSIKTYP (PROD_ID, PHYSIKTYP) VALUES (452,5),(452,4);
INSERT INTO T_PRODUKT_MAPPING (MAPPING_GROUP, EXT_PROD__NO, PROD_ID, MAPPING_PART_TYPE) VALUES (1022, 452, 452, 'connect');
INSERT INTO T_PROD_2_TECH_LEISTUNG (PROD_ID, TECH_LS_ID, TECH_LS_DEPENDENCY, IS_DEFAULT) 
	VALUES (452, 201, null, 0),(452, 202, null, 0),(452, 203, null, 0),(452, 204, null, 0)
	,(452, 205, null, 0),(452, 207, null, 0),(452, 208, null, 0),(452, 209, null, 0)
	,(452, 210, null, 0),(452, 211, null, 0),(452, 212, null, 0),(452, 213, null, 0),(452, 214, null, 0)
	,(452, 215, null, 0),(452, 216, null, 0),(452, 217, null, 0),(452, 238, null, 0),(452, 239, null, 0)
	,(452, 240, null, 0),(452, 241, null, 0),(452, 242, null, 0),(452, 243, null, 0);
INSERT INTO T_BA_VERL_CONFIG (PROD_ID, ANLASS, ABT_CONFIG_ID, GUELTIG_VON, GUELTIG_BIS, USERW) 
	values (452, 27, 6, '2008-05-01', '2200-01-01', 'GLINKJO');	
	
-- Konfiguration fuer DarkFiber-Produkt
INSERT INTO T_PRODUKT (PROD_ID, PRODUKTGRUPPE_ID, PRODUKT_NR, ANSCHLUSSART, LEITUNGSART, PROD_NAME_PATTERN, AKTIONS_ID,
	BRAUCHT_DN, AUFTRAGSERSTELLUNG, LTGNR_VORS, LTGNR_ANLEGEN, BRAUCHT_BUENDEL, 
	ELVERLAUF, ABRECHNUNG_IN_HURRICAN, ENDSTELLEN_TYP, ACCOUNT_VORS, LI_NR, VPN_PHYSIK, IS_PARENT, PROJEKTIERUNG,
	CHECK_CHILD, VERTEILUNG_DURCH, EXPORT_KDP_M, AUTO_PRODUCT_CHANGE, IS_COMBI_PRODUKT, GUELTIG_VON, GUELTIG_BIS) 
	VALUES (453, 2, null, 'Dark Fiber', null, 'DarkFiber', 1, 
	0, 0, 'FV', 1, 0, 
	1, 0, 2, 'co', 0, 1, 0, 1,
	0, 11, 0, 0, 0, '1996-01-01', '2200-01-01');
update t_produkt set VERLAUF_CHAIN_ID=33, VERLAUF_CANCEL_CHAIN_ID=15 where prod_id=453;	
INSERT INTO T_BA_VERL_AEND_PROD_2_GRUPPE (PROD_ID, BA_VERL_AEND_GRUPPE_ID) VALUES (453, 1),(453,2),(453,3);
INSERT INTO T_SPERRE_VERTEILUNG (PROD_ID, ABTEILUNG_ID) VALUES (453,1);
INSERT INTO T_PRODUKT_2_PHYSIKTYP (PROD_ID, PHYSIKTYP) VALUES (453,5),(453,4);
INSERT INTO T_PRODUKT_MAPPING (MAPPING_GROUP, EXT_PROD__NO, PROD_ID, MAPPING_PART_TYPE) VALUES (1023, 453, 453, 'connect');
INSERT INTO T_PROD_2_TECH_LEISTUNG (PROD_ID, TECH_LS_ID, TECH_LS_DEPENDENCY, IS_DEFAULT) VALUES (453, 245, null, 0);
INSERT INTO T_BA_VERL_CONFIG (PROD_ID, ANLASS, ABT_CONFIG_ID, GUELTIG_VON, GUELTIG_BIS, USERW) 
	values (453, 27, 6, '2008-05-01', '2200-01-01', 'GLINKJO');	
	
-- Konfiguration fuer DarkCopper-Produkt
INSERT INTO T_PRODUKT (PROD_ID, PRODUKTGRUPPE_ID, PRODUKT_NR, ANSCHLUSSART, LEITUNGSART, PROD_NAME_PATTERN, AKTIONS_ID,
	BRAUCHT_DN, AUFTRAGSERSTELLUNG, LTGNR_VORS, LTGNR_ANLEGEN, BRAUCHT_BUENDEL, 
	ELVERLAUF, ABRECHNUNG_IN_HURRICAN, ENDSTELLEN_TYP, ACCOUNT_VORS, LI_NR, VPN_PHYSIK, IS_PARENT, PROJEKTIERUNG,
	CHECK_CHILD, VERTEILUNG_DURCH, EXPORT_KDP_M, AUTO_PRODUCT_CHANGE, IS_COMBI_PRODUKT, GUELTIG_VON, GUELTIG_BIS) 
	VALUES (454, 2, null, 'DarkCopper', null, 'DarkCopper', 1, 
	0, 0, 'FV', 1, 0, 
	1, 0, 2, 'co', 0, 1, 0, 1,
	0, 11, 0, 0, 0, '1996-01-01', '2200-01-01');
update t_produkt set VERLAUF_CHAIN_ID=33, VERLAUF_CANCEL_CHAIN_ID=15 where prod_id=454;	
INSERT INTO T_BA_VERL_AEND_PROD_2_GRUPPE (PROD_ID, BA_VERL_AEND_GRUPPE_ID) VALUES (454, 1),(454,2),(454,3);
INSERT INTO T_SPERRE_VERTEILUNG (PROD_ID, ABTEILUNG_ID) VALUES (454,1);
INSERT INTO T_PRODUKT_2_PHYSIKTYP (PROD_ID, PHYSIKTYP) VALUES (454,5),(454,4);
INSERT INTO T_PRODUKT_MAPPING (MAPPING_GROUP, EXT_PROD__NO, PROD_ID, MAPPING_PART_TYPE) VALUES (1024, 454, 454, 'connect');
INSERT INTO T_PROD_2_TECH_LEISTUNG (PROD_ID, TECH_LS_ID, TECH_LS_DEPENDENCY, IS_DEFAULT) VALUES (454, 244, null, 0);
INSERT INTO T_BA_VERL_CONFIG (PROD_ID, ANLASS, ABT_CONFIG_ID, GUELTIG_VON, GUELTIG_BIS, USERW) 
	values (454, 27, 6, '2008-05-01', '2200-01-01', 'GLINKJO');	
	
-- Konfiguration fuer Online-Produkt
INSERT INTO T_PRODUKT (PROD_ID, PRODUKTGRUPPE_ID, PRODUKT_NR, ANSCHLUSSART, LEITUNGSART, PROD_NAME_PATTERN, AKTIONS_ID,
	BRAUCHT_DN, AUFTRAGSERSTELLUNG, LTGNR_VORS, LTGNR_ANLEGEN, BRAUCHT_BUENDEL, 
	ELVERLAUF, ABRECHNUNG_IN_HURRICAN, ENDSTELLEN_TYP, ACCOUNT_VORS, LI_NR, VPN_PHYSIK, IS_PARENT, PROJEKTIERUNG,
	CHECK_CHILD, VERTEILUNG_DURCH, EXPORT_KDP_M, AUTO_PRODUCT_CHANGE, IS_COMBI_PRODUKT, GUELTIG_VON, GUELTIG_BIS) 
	VALUES (455, 2, null, 'Direct Access', null, 'Direct Access', 1, 
	0, 0, 'FV', 1, 0, 
	1, 0, 2, 'co', 0, 1, 0, 1,
	0, 11, 0, 0, 0, '1996-01-01', '2200-01-01');
update t_produkt set VERLAUF_CHAIN_ID=33, VERLAUF_CANCEL_CHAIN_ID=15 where prod_id=455;	
INSERT INTO T_BA_VERL_AEND_PROD_2_GRUPPE (PROD_ID, BA_VERL_AEND_GRUPPE_ID) VALUES (455, 1),(455,2),(455,3);
INSERT INTO T_SPERRE_VERTEILUNG (PROD_ID, ABTEILUNG_ID) VALUES (455,1);
INSERT INTO T_PRODUKT_2_PHYSIKTYP (PROD_ID, PHYSIKTYP) VALUES (455,5),(455,4);
INSERT INTO T_PRODUKT_MAPPING (MAPPING_GROUP, EXT_PROD__NO, PROD_ID, MAPPING_PART_TYPE) VALUES (1025, 455, 455, 'connect');
INSERT INTO T_PROD_2_TECH_LEISTUNG (PROD_ID, TECH_LS_ID, TECH_LS_DEPENDENCY, IS_DEFAULT) 
	VALUES (455, 246, null, 0),(455, 247, null, 0),(455, 248, null, 0),(455, 249, null, 0),
	(455, 250, null, 0),(455, 251, null, 0),(455, 252, null, 0);
INSERT INTO T_BA_VERL_CONFIG (PROD_ID, ANLASS, ABT_CONFIG_ID, GUELTIG_VON, GUELTIG_BIS, USERW) 
	values (455, 27, 6, '2008-05-01', '2200-01-01', 'GLINKJO');	

-- Konfiguration des Zusatzleitungs-Produkts
INSERT INTO T_PRODUKT (PROD_ID, PRODUKTGRUPPE_ID, PRODUKT_NR, ANSCHLUSSART, LEITUNGSART, PROD_NAME_PATTERN, AKTIONS_ID,
	BRAUCHT_DN, AUFTRAGSERSTELLUNG, LTGNR_VORS, LTGNR_ANLEGEN, BRAUCHT_BUENDEL, 
	ELVERLAUF, ABRECHNUNG_IN_HURRICAN, ENDSTELLEN_TYP, ACCOUNT_VORS, LI_NR, VPN_PHYSIK, IS_PARENT, PROJEKTIERUNG,
	CHECK_CHILD, VERTEILUNG_DURCH, EXPORT_KDP_M, AUTO_PRODUCT_CHANGE, IS_COMBI_PRODUKT, GUELTIG_VON, GUELTIG_BIS) 
	VALUES (456, 2, null, 'Connect Zusatzleitung', null, 'Connect Zusatzleitung', 1, 
	0, 0, 'FV', 1, 0, 
	1, 0, 2, null, 0, 1, 0, 0,
	0, 11, 0, 0, 0, '1996-01-01', '2200-01-01');
update t_produkt set VERLAUF_CHAIN_ID=15, VERLAUF_CANCEL_CHAIN_ID=15 where prod_id=456;	
INSERT INTO T_BA_VERL_AEND_PROD_2_GRUPPE (PROD_ID, BA_VERL_AEND_GRUPPE_ID) VALUES (456, 1),(456,2),(456,3);
INSERT INTO T_PRODUKT_2_PHYSIKTYP (PROD_ID, PHYSIKTYP) VALUES (456,5),(456,4);
INSERT INTO T_PRODUKT_MAPPING (MAPPING_GROUP, EXT_PROD__NO, PROD_ID, MAPPING_PART_TYPE) VALUES (1026, 456, 456, 'connect');
INSERT INTO T_PROD_2_TECH_LEISTUNG (PROD_ID, TECH_LS_ID, TECH_LS_DEPENDENCY, IS_DEFAULT) 
	VALUES 
	(456, 200, null, 0),(456, 201, null, 0),(456, 202, null, 0),(456, 203, null, 0),(456, 204, null, 0),
	(456, 205, null, 0),(456, 206, null, 0),(456, 207, null, 0),(456, 208, null, 0),(456, 209, null, 0),
	(456, 210, null, 0),(456, 211, null, 0),(456, 212, null, 0),(456, 213, null, 0),(456, 214, null, 0),
	(456, 215, null, 0),(456, 216, null, 0),(456, 217, null, 0),
	(456, 218, null, 0),(456, 219, null, 0),(456, 220, null, 0),
	(456, 221, null, 0),(456, 222, null, 0),(456, 223, null, 0),(456, 224, null, 0),(456, 225, null, 0),
	(456, 226, null, 0),(456, 227, null, 0),(456, 228, null, 0),(456, 229, null, 0),(456, 230, null, 0),
	(456, 231, null, 0),(456, 232, null, 0),(456, 233, null, 0),(456, 234, null, 0),(456, 235, null, 0),
	(456, 236, null, 0),(456, 237, null, 0),(456, 238, null, 0),(456, 239, null, 0),
	(456, 240, null, 0),(456, 241, null, 0),(456, 242, null, 0),(456, 243, null, 0),
	(456, 244, null, 0),(456, 245, null, 0),
	(456, 246, null, 0),(456, 247, null, 0),(456, 248, null, 0),(456, 249, null, 0),
	(456, 250, null, 0),(456, 251, null, 0),(456, 252, null, 0);
INSERT INTO T_BA_VERL_CONFIG (PROD_ID, ANLASS, ABT_CONFIG_ID, GUELTIG_VON, GUELTIG_BIS, USERW) 
	values (456, 27, 6, '2008-05-01', '2200-01-01', 'GLINKJO');	



	