ALTER SESSION SET nls_date_format='dd.mm.yyyy';

INSERT INTO T_LEITUNGSART (ID, NAME, VERSION) VALUES (S_T_LEITUNGSART_0.nextval, '15000 kbit/s', 0);
INSERT INTO T_LEITUNGSART (ID, NAME, VERSION) VALUES (S_T_LEITUNGSART_0.nextval, '20000 kbit/s', 0);

INSERT INTO T_PRODUKT
   (PROD_ID, PRODUKTGRUPPE_ID, PRODUKT_NR, ANSCHLUSSART, PROD_NAME_PATTERN,
    LEITUNGSART, AKTIONS_ID, BRAUCHT_DN, DN_MOEGLICH, MAX_DN_COUNT,
    DN_BLOCK, DN_TYP, BRAUCHT_DN4ACCOUNT, GUELTIG_VON, GUELTIG_BIS,
    AUFTRAGSERSTELLUNG, LTGNR_VORS, LTGNR_ANLEGEN, BRAUCHT_BUENDEL, ELVERLAUF,
    ABRECHNUNG_IN_HURRICAN, ENDSTELLEN_TYP, BESCHREIBUNG, ACCOUNT_VORS, LI_NR,
    VPN_PHYSIK, PROJEKTIERUNG, IS_PARENT, CHECK_CHILD, IS_COMBI_PRODUKT,
    AUTO_PRODUCT_CHANGE, EXPORT_KDP_M, CREATE_KDP_ACCOUNT_REPORT, EXPORT_AK_PRODUKTE, VERTEILUNG_DURCH,
    BA_RUECKLAEUFER, BRAUCHT_VPI_VCI, PROJEKTIERUNG_CHAIN_ID, VERLAUF_CHAIN_ID, VERLAUF_CANCEL_CHAIN_ID,
    BA_CHANGE_REALDATE, CREATE_AP_ADDRESS, ASSIGN_IAD, CPS_PROVISIONING, CPS_PROD_NAME,
    STATUSMELDUNGEN, CPS_AUTO_CREATION, CPS_ACCOUNT_TYPE, CPS_DSL_PRODUCT, TDN_KIND_OF_USE_PRODUCT,
    TDN_KIND_OF_USE_TYPE, TDN_USE_FROM_MASTER, VIER_DRAHT, VERSION)
 VALUES
   (68, 4, NULL, 'SDSL 15000', NULL,
    (SELECT ID FROM T_LEITUNGSART WHERE NAME = '15000 kbit/s'), 1, '0', '0', NULL,
    '0', NULL, '0', '01.09.2010', '01.01.2200',
    '0', 'DV', '1', '0', '1',
    '0', 1, NULL, 'XS', 4,
    '1', '0', '1', '0', '0',
    '0', '1', '1', NULL, 4,
    '1', '1', NULL, 17, 15,
    '1', '0', '0', '1', 'SDSL_15000',
    '0', '0', 'SDSL', '1', 'W',
    'S', NULL, '0', 0);
INSERT INTO T_PRODUKT
   (PROD_ID, PRODUKTGRUPPE_ID, PRODUKT_NR, ANSCHLUSSART, PROD_NAME_PATTERN,
    LEITUNGSART, AKTIONS_ID, BRAUCHT_DN, DN_MOEGLICH, MAX_DN_COUNT,
    DN_BLOCK, DN_TYP, BRAUCHT_DN4ACCOUNT, GUELTIG_VON, GUELTIG_BIS,
    AUFTRAGSERSTELLUNG, LTGNR_VORS, LTGNR_ANLEGEN, BRAUCHT_BUENDEL, ELVERLAUF,
    ABRECHNUNG_IN_HURRICAN, ENDSTELLEN_TYP, BESCHREIBUNG, ACCOUNT_VORS, LI_NR,
    VPN_PHYSIK, PROJEKTIERUNG, IS_PARENT, CHECK_CHILD, IS_COMBI_PRODUKT,
    AUTO_PRODUCT_CHANGE, EXPORT_KDP_M, CREATE_KDP_ACCOUNT_REPORT, EXPORT_AK_PRODUKTE, VERTEILUNG_DURCH,
    BA_RUECKLAEUFER, BRAUCHT_VPI_VCI, PROJEKTIERUNG_CHAIN_ID, VERLAUF_CHAIN_ID, VERLAUF_CANCEL_CHAIN_ID,
    BA_CHANGE_REALDATE, CREATE_AP_ADDRESS, ASSIGN_IAD, CPS_PROVISIONING, CPS_PROD_NAME,
    STATUSMELDUNGEN, CPS_AUTO_CREATION, CPS_ACCOUNT_TYPE, CPS_DSL_PRODUCT, TDN_KIND_OF_USE_PRODUCT,
    TDN_KIND_OF_USE_TYPE, TDN_USE_FROM_MASTER, VIER_DRAHT, VERSION)
 VALUES
    (69, 4, NULL, 'SDSL 20000', NULL,
    (SELECT ID FROM T_LEITUNGSART WHERE NAME = '20000 kbit/s'), 1, '0', '0', NULL,
    '0', NULL, '0', '01.09.2010', '01.01.2200',
    '0', 'DV', '1', '0', '1',
    '0', 1, NULL, 'XS', 4,
    '1', '0', '1', '0', '0',
    '0', '1', '1', NULL, 4,
    '1', '1', NULL, 17, 15,
    '1', '0', '0', '1', 'SDSL_20000',
    '0', '0', 'SDSL', '1', 'W',
    'S', NULL, '0', 0);

INSERT INTO T_PROD_2_EG (ID, PROD_ID, EG_ID, IS_DEFAULT, IS_ACTIVE, VERSION) VALUES (S_T_PROD_2_EG_0.nextval, 68, 12, '1', '1', 0);
INSERT INTO T_PROD_2_EG (ID, PROD_ID, EG_ID, IS_DEFAULT, IS_ACTIVE, VERSION) VALUES (S_T_PROD_2_EG_0.nextval, 68, 26, NULL, '1', 0);
INSERT INTO T_PROD_2_EG (ID, PROD_ID, EG_ID, IS_DEFAULT, IS_ACTIVE, VERSION) VALUES (S_T_PROD_2_EG_0.nextval, 69, 12, '1', '1', 0);
INSERT INTO T_PROD_2_EG (ID, PROD_ID, EG_ID, IS_DEFAULT, IS_ACTIVE, VERSION) VALUES (S_T_PROD_2_EG_0.nextval, 69, 26, NULL, '1', 0);

INSERT INTO T_PROD_2_TECH_LEISTUNG (ID, PROD_ID, TECH_LS_ID, TECH_LS_DEPENDENCY, IS_DEFAULT, VERSION)
 VALUES (S_T_PROD_2_TECH_LEISTUNG_0.nextval, 68, 19, NULL, '0', 0);
INSERT INTO T_PROD_2_TECH_LEISTUNG (ID, PROD_ID, TECH_LS_ID, TECH_LS_DEPENDENCY, IS_DEFAULT, VERSION)
 VALUES (S_T_PROD_2_TECH_LEISTUNG_0.nextval, 68, 20, NULL, '0', 0);
INSERT INTO T_PROD_2_TECH_LEISTUNG (ID, PROD_ID, TECH_LS_ID, TECH_LS_DEPENDENCY, IS_DEFAULT, VERSION)
 VALUES (S_T_PROD_2_TECH_LEISTUNG_0.nextval, 68, 50, NULL, '0', 0);
INSERT INTO T_PROD_2_TECH_LEISTUNG (ID, PROD_ID, TECH_LS_ID, TECH_LS_DEPENDENCY, IS_DEFAULT, VERSION)
 VALUES (S_T_PROD_2_TECH_LEISTUNG_0.nextval, 69, 19, NULL, '0', 0);
INSERT INTO T_PROD_2_TECH_LEISTUNG (ID, PROD_ID, TECH_LS_ID, TECH_LS_DEPENDENCY, IS_DEFAULT, VERSION)
 VALUES (S_T_PROD_2_TECH_LEISTUNG_0.nextval, 69, 20, NULL, '0', 0);
INSERT INTO T_PROD_2_TECH_LEISTUNG (ID, PROD_ID, TECH_LS_ID, TECH_LS_DEPENDENCY, IS_DEFAULT, VERSION)
 VALUES (S_T_PROD_2_TECH_LEISTUNG_0.nextval, 69, 50, NULL, '0', 0);

INSERT INTO T_PRODUKT_2_SCHNITTSTELLE (PROD_ID, SCHNITTSTELLE_ID) VALUES (68, 19);
INSERT INTO T_PRODUKT_2_SCHNITTSTELLE (PROD_ID, SCHNITTSTELLE_ID) VALUES (69, 19);

INSERT INTO T_PRODUKT_2_PHYSIKTYP (ID, PROD_ID, PHYSIKTYP, PHYSIKTYP_ADDITIONAL, VIRTUELL, PARENTPHYSIKTYP_ID, VERSION)
 VALUES (S_T_PRODUKT_2_PHYSIKTYP_0.nextval, 68, 515, NULL, '0', NULL, 0);
INSERT INTO T_PRODUKT_2_PHYSIKTYP (ID, PROD_ID, PHYSIKTYP, PHYSIKTYP_ADDITIONAL, VIRTUELL, PARENTPHYSIKTYP_ID, VERSION)
 VALUES (S_T_PRODUKT_2_PHYSIKTYP_0.nextval, 68, 108, NULL, '0', NULL, 0);
INSERT INTO T_PRODUKT_2_PHYSIKTYP (ID, PROD_ID, PHYSIKTYP, PHYSIKTYP_ADDITIONAL, VIRTUELL, PARENTPHYSIKTYP_ID, VERSION)
 VALUES (S_T_PRODUKT_2_PHYSIKTYP_0.nextval, 69, 515, NULL, '0', NULL, 0);
INSERT INTO T_PRODUKT_2_PHYSIKTYP (ID, PROD_ID, PHYSIKTYP, PHYSIKTYP_ADDITIONAL, VIRTUELL, PARENTPHYSIKTYP_ID, VERSION)
 VALUES (S_T_PRODUKT_2_PHYSIKTYP_0.nextval, 69, 108, NULL, '0', NULL, 0);

INSERT INTO T_PRODUKT_MAPPING (MAPPING_GROUP, EXT_PROD__NO, PROD_ID, MAPPING_PART_TYPE, VERSION)
 VALUES (68, 68, 68, 'sdsl', 0);
INSERT INTO T_PRODUKT_MAPPING (MAPPING_GROUP, EXT_PROD__NO, PROD_ID, MAPPING_PART_TYPE, VERSION)
 VALUES (69, 69, 69, 'sdsl', 0);

INSERT INTO T_CPS_DATA_CHAIN_CONFIG (ID, PROD_ID, SO_TYPE_REF_ID, CHAIN_ID, VERSION)
 VALUES (S_T_CPS_DATA_CHAIN_CONFIG_0.nextval, 68, 14000, 56, 0);
INSERT INTO T_CPS_DATA_CHAIN_CONFIG (ID, PROD_ID, SO_TYPE_REF_ID, CHAIN_ID, VERSION)
 VALUES (S_T_CPS_DATA_CHAIN_CONFIG_0.nextval, 68, 14001, 56, 0);
INSERT INTO T_CPS_DATA_CHAIN_CONFIG (ID, PROD_ID, SO_TYPE_REF_ID, CHAIN_ID, VERSION)
 VALUES (S_T_CPS_DATA_CHAIN_CONFIG_0.nextval, 68, 14002, 54, 0);
INSERT INTO T_CPS_DATA_CHAIN_CONFIG (ID, PROD_ID, SO_TYPE_REF_ID, CHAIN_ID, VERSION)
 VALUES (S_T_CPS_DATA_CHAIN_CONFIG_0.nextval, 68, 14006, 56, 0);
INSERT INTO T_CPS_DATA_CHAIN_CONFIG (ID, PROD_ID, SO_TYPE_REF_ID, CHAIN_ID, VERSION)
 VALUES (S_T_CPS_DATA_CHAIN_CONFIG_0.nextval, 69, 14000, 56, 0);
INSERT INTO T_CPS_DATA_CHAIN_CONFIG (ID, PROD_ID, SO_TYPE_REF_ID, CHAIN_ID, VERSION)
 VALUES (S_T_CPS_DATA_CHAIN_CONFIG_0.nextval, 69, 14001, 56, 0);
INSERT INTO T_CPS_DATA_CHAIN_CONFIG (ID, PROD_ID, SO_TYPE_REF_ID, CHAIN_ID, VERSION)
 VALUES (S_T_CPS_DATA_CHAIN_CONFIG_0.nextval, 69, 14002, 54, 0);
INSERT INTO T_CPS_DATA_CHAIN_CONFIG (ID, PROD_ID, SO_TYPE_REF_ID, CHAIN_ID, VERSION)
 VALUES (S_T_CPS_DATA_CHAIN_CONFIG_0.nextval, 69, 14006, 56, 0);

INSERT INTO T_BA_VERL_AEND_PROD_2_GRUPPE (PROD_ID, BA_VERL_AEND_GRUPPE_ID) VALUES (68, 1);
INSERT INTO T_BA_VERL_AEND_PROD_2_GRUPPE (PROD_ID, BA_VERL_AEND_GRUPPE_ID) VALUES (68, 2);
INSERT INTO T_BA_VERL_AEND_PROD_2_GRUPPE (PROD_ID, BA_VERL_AEND_GRUPPE_ID) VALUES (69, 1);
INSERT INTO T_BA_VERL_AEND_PROD_2_GRUPPE (PROD_ID, BA_VERL_AEND_GRUPPE_ID) VALUES (69, 2);

INSERT INTO T_SPERRE_VERTEILUNG (PROD_ID, ABTEILUNG_ID) VALUES (68, 2);
INSERT INTO T_SPERRE_VERTEILUNG (PROD_ID, ABTEILUNG_ID) VALUES (69, 2);
